﻿{
    "ambientocclusion": false,
    "textures": {"particle": "block/destroy_stage_0", "0": "block/brown_wool"},
    "elements": [
        {
            "name": "main",
            "from": [0, 0, 0],
            "to": [16, 16, 16],
            "faces": {
                "north": {"uv": [0, 0, 16, 16], "texture": "#0", "cullface": "north"},
                "east": {"uv": [0, 0, 16, 16], "texture": "#0", "cullface": "east"},
                "south": {"uv": [0, 0, 16, 16], "texture": "#0", "cullface": "south"},
                "west": {"uv": [0, 0, 16, 16], "texture": "#0", "cullface": "west"},
                "up": {"uv": [0, 0, 16, 16], "texture": "#0", "cullface": "up"},
                "down": {"uv": [0, 0, 16, 16], "texture": "#0", "cullface": "down"}
            },
            "type": "cube"
        },
        {
            "name": "up1",
            "from": [3, 15.5, 3],
            "to": [4, 16.5, 4],
            "faces": {
                "north": {"uv": [3, 3, 4, 4], "texture": "#0", "cullface": "up"},
                "east": {"uv": [3, 3, 4, 4], "texture": "#0", "cullface": "up"},
                "south": {"uv": [3, 3, 4, 4], "texture": "#0", "cullface": "up"},
                "west": {"uv": [3, 3, 4, 4], "texture": "#0", "cullface": "up"},
                "up": {"uv": [3, 3, 4, 4], "texture": "#0", "cullface": "up"},
                "down": {"uv": [3, 3, 4, 4], "texture": "#0", "cullface": "up"}
            },
            "type": "cube"
        },
        {
            "name": "up2",
            "from": [11, 15.5, 3],
            "to": [12, 16.5, 4],
            "faces": {
                "north": {"uv": [3, 3, 4, 4], "texture": "#0", "cullface": "up"},
                "east": {"uv": [3, 3, 4, 4], "texture": "#0", "cullface": "up"},
                "south": {"uv": [3, 3, 4, 4], "texture": "#0", "cullface": "up"},
                "west": {"uv": [3, 3, 4, 4], "texture": "#0", "cullface": "up"},
                "up": {"uv": [3, 3, 4, 4], "texture": "#0", "cullface": "up"},
                "down": {"uv": [3, 3, 4, 4], "texture": "#0", "cullface": "up"}
            },
            "type": "cube"
        },
        {
            "name": "up3",
            "from": [11, 15.5, 11],
            "to": [12, 16.5, 12],
            "faces": {
                "north": {"uv": [3, 3, 4, 4], "texture": "#0", "cullface": "up"},
                "east": {"uv": [3, 3, 4, 4], "texture": "#0", "cullface": "up"},
                "south": {"uv": [3, 3, 4, 4], "texture": "#0", "cullface": "up"},
                "west": {"uv": [3, 3, 4, 4], "texture": "#0", "cullface": "up"},
                "up": {"uv": [3, 3, 4, 4], "texture": "#0", "cullface": "up"},
                "down": {"uv": [3, 3, 4, 4], "texture": "#0", "cullface": "up"}
            },
            "type": "cube"
        },
        {
            "name": "up4",
            "from": [3, 15.5, 11],
            "to": [4, 16.5, 12],
            "faces": {
                "north": {"uv": [3, 3, 4, 4], "texture": "#0", "cullface": "up"},
                "east": {"uv": [3, 3, 4, 4], "texture": "#0", "cullface": "up"},
                "south": {"uv": [3, 3, 4, 4], "texture": "#0", "cullface": "up"},
                "west": {"uv": [3, 3, 4, 4], "texture": "#0", "cullface": "up"},
                "up": {"uv": [3, 3, 4, 4], "texture": "#0", "cullface": "up"},
                "down": {"uv": [3, 3, 4, 4], "texture": "#0", "cullface": "up"}
            },
            "type": "cube"
        },
        {
            "name": "up5",
            "from": [7, 15.5, 1],
            "to": [8, 16.5, 3],
            "faces": {
                "north": {"uv": [3, 3, 4, 4], "texture": "#0", "cullface": "up"},
                "east": {"uv": [1, 7, 3, 8], "texture": "#0", "cullface": "up"},
                "south": {"uv": [3, 3, 4, 4], "texture": "#0", "cullface": "up"},
                "west": {"uv": [1, 7, 3, 8], "texture": "#0", "cullface": "up"},
                "up": {"uv": [7, 1, 8, 3], "texture": "#0", "cullface": "up"},
                "down": {"uv": [7, 1, 8, 3], "texture": "#0", "cullface": "up"}
            },
            "type": "cube"
        },
        {
            "name": "up6",
            "from": [7, 15.5, 12],
            "to": [8, 16.5, 14],
            "faces": {
                "north": {"uv": [3, 3, 4, 4], "texture": "#0", "cullface": "up"},
                "east": {"uv": [1, 7, 3, 8], "texture": "#0", "cullface": "up"},
                "south": {"uv": [3, 3, 4, 4], "texture": "#0", "cullface": "up"},
                "west": {"uv": [1, 7, 3, 8], "texture": "#0", "cullface": "up"},
                "up": {"uv": [7, 1, 8, 3], "texture": "#0", "cullface": "up"},
                "down": {"uv": [7, 1, 8, 3], "texture": "#0", "cullface": "up"}
            },
            "type": "cube"
        },
        {
            "name": "up7",
            "from": [12, 15.5, 7],
            "to": [14, 16.5, 8],
            "faces": {
                "north": {"uv": [3, 3, 4, 4], "texture": "#0", "cullface": "up"},
                "east": {"uv": [3, 3, 4, 4], "texture": "#0", "cullface": "up"},
                "south": {"uv": [6, 9, 8, 10], "texture": "#0", "cullface": "up"},
                "west": {"uv": [3, 3, 4, 4], "texture": "#0", "cullface": "up"},
                "up": {"uv": [5, 3, 7, 4], "texture": "#0", "cullface": "up"},
                "down": {"uv": [5, 3, 7, 4], "texture": "#0", "cullface": "up"}
            },
            "type": "cube"
        },
        {
            "name": "up8",
            "from": [1, 15.5, 7],
            "to": [3, 16.5, 8],
            "faces": {
                "north": {"uv": [5, 3, 7, 4], "texture": "#0", "cullface": "up"},
                "east": {"uv": [3, 3, 4, 4], "texture": "#0", "cullface": "up"},
                "south": {"uv": [6, 9, 8, 10], "texture": "#0", "cullface": "up"},
                "west": {"uv": [3, 3, 4, 4], "texture": "#0", "cullface": "up"},
                "up": {"uv": [5, 3, 7, 4], "texture": "#0", "cullface": "up"},
                "down": {"uv": [5, 3, 7, 4], "texture": "#0", "cullface": "up"}
            },
            "type": "cube"
        },
        {
            "name": "up9",
            "from": [5, 15.5, 3],
            "to": [10, 16.5, 4],
            "faces": {
                "north": {"uv": [5, 3, 10, 4], "texture": "#0", "cullface": "up"},
                "east": {"uv": [3, 3, 4, 4], "texture": "#0", "cullface": "up"},
                "south": {"uv": [5, 3, 10, 4], "texture": "#0", "cullface": "up"},
                "west": {"uv": [3, 3, 4, 4], "texture": "#0", "cullface": "up"},
                "up": {"uv": [5, 3, 10, 4], "texture": "#0", "cullface": "up"},
                "down": {"uv": [5, 3, 10, 4], "texture": "#0", "cullface": "up"}
            },
            "type": "cube"
        },
        {
            "name": "up10",
            "from": [5, 15.5, 11],
            "to": [10, 16.5, 12],
            "faces": {
                "north": {"uv": [5, 3, 10, 4], "texture": "#0", "cullface": "up"},
                "east": {"uv": [3, 3, 4, 4], "texture": "#0", "cullface": "up"},
                "south": {"uv": [5, 3, 10, 4], "texture": "#0", "cullface": "up"},
                "west": {"uv": [3, 3, 4, 4], "texture": "#0", "cullface": "up"},
                "up": {"uv": [5, 3, 10, 4], "texture": "#0", "cullface": "up"},
                "down": {"uv": [5, 3, 10, 4], "texture": "#0", "cullface": "up"}
            },
            "type": "cube"
        },
        {
            "name": "up11",
            "from": [4, 15.5, 4],
            "to": [11, 16.5, 5],
            "faces": {
                "north": {"uv": [4, 4, 11, 5], "texture": "#0", "cullface": "up"},
                "east": {"uv": [3, 3, 4, 4], "texture": "#0", "cullface": "up"},
                "south": {"uv": [4, 4, 11, 5], "texture": "#0", "cullface": "up"},
                "west": {"uv": [3, 3, 4, 4], "texture": "#0", "cullface": "up"},
                "up": {"uv": [4, 4, 11, 5], "texture": "#0", "cullface": "up"},
                "down": {"uv": [4, 4, 11, 5], "texture": "#0", "cullface": "up"}
            },
            "type": "cube"
        },
        {
            "name": "up12",
            "from": [4, 15.5, 10],
            "to": [11, 16.5, 11],
            "faces": {
                "north": {"uv": [4, 4, 11, 5], "texture": "#0", "cullface": "up"},
                "east": {"uv": [3, 3, 4, 4], "texture": "#0", "cullface": "up"},
                "south": {"uv": [4, 4, 11, 5], "texture": "#0", "cullface": "up"},
                "west": {"uv": [3, 3, 4, 4], "texture": "#0", "cullface": "up"},
                "up": {"uv": [4, 4, 11, 5], "texture": "#0", "cullface": "up"},
                "down": {"uv": [4, 4, 11, 5], "texture": "#0", "cullface": "up"}
            },
            "type": "cube"
        },
        {
            "name": "up13",
            "from": [3, 15.5, 5],
            "to": [12, 16.5, 10],
            "faces": {
                "north": {"uv": [3, 7, 12, 8], "texture": "#0", "cullface": "up"},
                "east": {"uv": [5, 11, 10, 12], "texture": "#0", "cullface": "up"},
                "south": {"uv": [3, 7, 12, 8], "texture": "#0", "cullface": "up"},
                "west": {"uv": [5, 3, 10, 4], "texture": "#0", "cullface": "up"},
                "up": {"uv": [3, 5, 12, 10], "texture": "#0", "cullface": "up"},
                "down": {"uv": [11, 9, 12, 10], "texture": "#0", "cullface": "up"}
            },
            "type": "cube"
        },
        {
            "name": "up14",
            "from": [5, 16, 5],
            "to": [10, 17, 10],
            "faces": {
                "north": {"uv": [5, 5, 10, 6], "texture": "#0", "rotation": 180, "cullface": "up"},
                "east": {"uv": [5, 7, 10, 8], "texture": "#0", "cullface": "up"},
                "south": {"uv": [5, 9, 10, 10], "texture": "#0", "cullface": "up"},
                "west": {"uv": [5, 5, 10, 6], "texture": "#0", "cullface": "up"},
                "up": {"uv": [5, 5, 10, 10], "texture": "#0", "cullface": "up"},
                "down": {"uv": [5, 5, 10, 10], "texture": "#0", "cullface": "up"}
            },
            "type": "cube"
        },
        {
            "name": "down1",
            "from": [3, -0.5, 4],
            "to": [4, 0.5, 5],
            "faces": {
                "north": {"uv": [3, 3, 4, 4], "texture": "#0", "cullface": "down"},
                "east": {"uv": [3, 3, 4, 4], "texture": "#0", "cullface": "down"},
                "south": {"uv": [3, 3, 4, 4], "texture": "#0", "cullface": "down"},
                "west": {"uv": [3, 3, 4, 4], "texture": "#0", "cullface": "down"},
                "up": {"uv": [3, 3, 4, 4], "texture": "#0", "cullface": "down"},
                "down": {"uv": [3, 3, 4, 4], "texture": "#0", "cullface": "down"}
            },
            "type": "cube"
        },
        {
            "name": "down2",
            "from": [11, -0.5, 4],
            "to": [12, 0.5, 5],
            "faces": {
                "north": {"uv": [3, 3, 4, 4], "texture": "#0", "cullface": "down"},
                "east": {"uv": [3, 3, 4, 4], "texture": "#0", "cullface": "down"},
                "south": {"uv": [3, 3, 4, 4], "texture": "#0", "cullface": "down"},
                "west": {"uv": [3, 3, 4, 4], "texture": "#0", "cullface": "down"},
                "up": {"uv": [3, 3, 4, 4], "texture": "#0", "cullface": "down"},
                "down": {"uv": [3, 3, 4, 4], "texture": "#0", "cullface": "down"}
            },
            "type": "cube"
        },
        {
            "name": "down3",
            "from": [11, -0.5, 12],
            "to": [12, 0.5, 13],
            "faces": {
                "north": {"uv": [3, 3, 4, 4], "texture": "#0", "cullface": "down"},
                "east": {"uv": [3, 3, 4, 4], "texture": "#0", "cullface": "down"},
                "south": {"uv": [3, 3, 4, 4], "texture": "#0", "cullface": "down"},
                "west": {"uv": [3, 3, 4, 4], "texture": "#0", "cullface": "down"},
                "up": {"uv": [3, 3, 4, 4], "texture": "#0", "cullface": "down"},
                "down": {"uv": [3, 3, 4, 4], "texture": "#0", "cullface": "down"}
            },
            "type": "cube"
        },
        {
            "name": "down4",
            "from": [3, -0.5, 12],
            "to": [4, 0.5, 13],
            "faces": {
                "north": {"uv": [3, 3, 4, 4], "texture": "#0", "cullface": "down"},
                "east": {"uv": [3, 3, 4, 4], "texture": "#0", "cullface": "down"},
                "south": {"uv": [3, 3, 4, 4], "texture": "#0", "cullface": "down"},
                "west": {"uv": [3, 3, 4, 4], "texture": "#0", "cullface": "down"},
                "up": {"uv": [3, 3, 4, 4], "texture": "#0", "cullface": "down"},
                "down": {"uv": [3, 3, 4, 4], "texture": "#0", "cullface": "down"}
            },
            "type": "cube"
        },
        {
            "name": "down5",
            "from": [7, -0.5, 2],
            "to": [8, 0.5, 4],
            "faces": {
                "north": {"uv": [3, 3, 4, 4], "texture": "#0", "cullface": "down"},
                "east": {"uv": [1, 7, 3, 8], "texture": "#0", "cullface": "down"},
                "south": {"uv": [3, 3, 4, 4], "texture": "#0", "cullface": "down"},
                "west": {"uv": [1, 7, 3, 8], "texture": "#0", "cullface": "down"},
                "up": {"uv": [7, 1, 8, 3], "texture": "#0", "cullface": "down"},
                "down": {"uv": [7, 1, 8, 3], "texture": "#0", "cullface": "down"}
            },
            "type": "cube"
        },
        {
            "name": "down6",
            "from": [7, -0.5, 13],
            "to": [8, 0.5, 15],
            "faces": {
                "north": {"uv": [3, 3, 4, 4], "texture": "#0", "cullface": "down"},
                "east": {"uv": [1, 7, 3, 8], "texture": "#0", "cullface": "down"},
                "south": {"uv": [3, 3, 4, 4], "texture": "#0", "cullface": "down"},
                "west": {"uv": [1, 7, 3, 8], "texture": "#0", "cullface": "down"},
                "up": {"uv": [7, 1, 8, 3], "texture": "#0", "cullface": "down"},
                "down": {"uv": [7, 1, 8, 3], "texture": "#0", "cullface": "down"}
            },
            "type": "cube"
        },
        {
            "name": "down7",
            "from": [12, -0.5, 8],
            "to": [14, 0.5, 9],
            "faces": {
                "north": {"uv": [5, 3, 7, 4], "texture": "#0", "cullface": "down"},
                "east": {"uv": [3, 3, 4, 4], "texture": "#0", "cullface": "down"},
                "south": {"uv": [6, 9, 8, 10], "texture": "#0", "cullface": "down"},
                "west": {"uv": [3, 3, 4, 4], "texture": "#0", "cullface": "down"},
                "up": {"uv": [5, 3, 7, 4], "texture": "#0", "cullface": "down"},
                "down": {"uv": [5, 3, 7, 4], "texture": "#0", "cullface": "down"}
            },
            "type": "cube"
        },
        {
            "name": "down8",
            "from": [1, -0.5, 8],
            "to": [3, 0.5, 9],
            "faces": {
                "north": {"uv": [5, 3, 7, 4], "texture": "#0", "cullface": "down"},
                "east": {"uv": [3, 3, 4, 4], "texture": "#0", "cullface": "down"},
                "south": {"uv": [6, 9, 8, 10], "texture": "#0", "cullface": "down"},
                "west": {"uv": [3, 3, 4, 4], "texture": "#0", "cullface": "down"},
                "up": {"uv": [5, 3, 7, 4], "texture": "#0", "cullface": "down"},
                "down": {"uv": [5, 3, 7, 4], "texture": "#0", "cullface": "down"}
            },
            "type": "cube"
        },
        {
            "name": "down9",
            "from": [5, -0.5, 4],
            "to": [10, 0.5, 5],
            "faces": {
                "north": {"uv": [5, 3, 10, 4], "texture": "#0", "cullface": "down"},
                "east": {"uv": [3, 3, 4, 4], "texture": "#0", "cullface": "down"},
                "south": {"uv": [5, 3, 10, 4], "texture": "#0", "cullface": "down"},
                "west": {"uv": [3, 3, 4, 4], "texture": "#0", "cullface": "down"},
                "up": {"uv": [5, 3, 10, 4], "texture": "#0", "cullface": "down"},
                "down": {"uv": [5, 3, 10, 4], "texture": "#0", "cullface": "down"}
            },
            "type": "cube"
        },
        {
            "name": "down10",
            "from": [5, -0.5, 12],
            "to": [10, 0.5, 13],
            "faces": {
                "north": {"uv": [5, 3, 10, 4], "texture": "#0", "cullface": "down"},
                "east": {"uv": [3, 3, 4, 4], "texture": "#0", "cullface": "down"},
                "south": {"uv": [5, 3, 10, 4], "texture": "#0", "cullface": "down"},
                "west": {"uv": [3, 3, 4, 4], "texture": "#0", "cullface": "down"},
                "up": {"uv": [5, 3, 10, 4], "texture": "#0", "cullface": "down"},
                "down": {"uv": [5, 3, 10, 4], "texture": "#0", "cullface": "down"}
            },
            "type": "cube"
        },
        {
            "name": "down11",
            "from": [4, -0.5, 5],
            "to": [11, 0.5, 6],
            "faces": {
                "north": {"uv": [4, 4, 11, 5], "texture": "#0", "cullface": "down"},
                "east": {"uv": [3, 3, 4, 4], "texture": "#0", "cullface": "down"},
                "south": {"uv": [4, 4, 11, 5], "texture": "#0", "cullface": "down"},
                "west": {"uv": [3, 3, 4, 4], "texture": "#0", "cullface": "down"},
                "up": {"uv": [4, 4, 11, 5], "texture": "#0", "cullface": "down"},
                "down": {"uv": [4, 4, 11, 5], "texture": "#0", "cullface": "down"}
            },
            "type": "cube"
        },
        {
            "name": "down12",
            "from": [4, -0.5, 11],
            "to": [11, 0.5, 12],
            "faces": {
                "north": {"uv": [4, 4, 11, 5], "texture": "#0", "cullface": "down"},
                "east": {"uv": [3, 3, 4, 4], "texture": "#0", "cullface": "down"},
                "south": {"uv": [4, 4, 11, 5], "texture": "#0", "cullface": "down"},
                "west": {"uv": [3, 3, 4, 4], "texture": "#0", "cullface": "down"},
                "up": {"uv": [4, 4, 11, 5], "texture": "#0", "cullface": "down"},
                "down": {"uv": [4, 4, 11, 5], "texture": "#0", "cullface": "down"}
            },
            "type": "cube"
        },
        {
            "name": "down13",
            "from": [3, -0.5, 6],
            "to": [12, 0.5, 11],
            "faces": {
                "north": {"uv": [3, 7, 12, 8], "texture": "#0", "cullface": "down"},
                "east": {"uv": [5, 11, 10, 12], "texture": "#0", "cullface": "down"},
                "south": {"uv": [3, 7, 12, 8], "texture": "#0", "cullface": "down"},
                "west": {"uv": [5, 3, 10, 4], "texture": "#0", "cullface": "down"},
                "up": {"uv": [11, 9, 12, 10], "texture": "#0", "cullface": "down"},
                "down": {"uv": [3, 5, 12, 10], "texture": "#0", "cullface": "down"}
            },
            "type": "cube"
        },
        {
            "name": "down14",
            "from": [5, -1, 6],
            "to": [10, 0, 11],
            "faces": {
                "north": {"uv": [5, 8, 10, 9], "texture": "#0", "cullface": "down"},
                "east": {"uv": [5, 7, 10, 8], "texture": "#0", "cullface": "down"},
                "south": {"uv": [5, 5, 10, 6], "texture": "#0", "cullface": "down"},
                "west": {"uv": [5, 5, 10, 6], "texture": "#0", "rotation": 180, "cullface": "down"},
                "up": {"uv": [5, 5, 10, 10], "texture": "#0", "cullface": "down"},
                "down": {"uv": [5, 5, 10, 10], "texture": "#0", "cullface": "down"}
            },
            "type": "cube"
        },
        {
            "name": "west1",
            "from": [-0.5, 4, 3],
            "to": [0.5, 5, 4],
            "faces": {
                "north": {"uv": [3, 3, 4, 4], "texture": "#0", "cullface": "west"},
                "east": {"uv": [3, 3, 4, 4], "texture": "#0", "cullface": "west"},
                "south": {"uv": [3, 3, 4, 4], "texture": "#0", "cullface": "west"},
                "west": {"uv": [3, 3, 4, 4], "texture": "#0", "cullface": "west"},
                "up": {"uv": [3, 3, 4, 4], "texture": "#0", "cullface": "west"},
                "down": {"uv": [3, 3, 4, 4], "texture": "#0", "cullface": "west"}
            },
            "type": "cube"
        },
        {
            "name": "west2",
            "from": [-0.5, 12, 3],
            "to": [0.5, 13, 4],
            "faces": {
                "north": {"uv": [3, 3, 4, 4], "texture": "#0", "cullface": "west"},
                "east": {"uv": [3, 3, 4, 4], "texture": "#0", "cullface": "west"},
                "south": {"uv": [3, 3, 4, 4], "texture": "#0", "cullface": "west"},
                "west": {"uv": [3, 3, 4, 4], "texture": "#0", "cullface": "west"},
                "up": {"uv": [3, 3, 4, 4], "texture": "#0", "cullface": "west"},
                "down": {"uv": [3, 3, 4, 4], "texture": "#0", "cullface": "west"}
            },
            "type": "cube"
        },
        {
            "name": "west3",
            "from": [-0.5, 12, 11],
            "to": [0.5, 13, 12],
            "faces": {
                "north": {"uv": [3, 3, 4, 4], "texture": "#0", "cullface": "west"},
                "east": {"uv": [3, 3, 4, 4], "texture": "#0", "cullface": "west"},
                "south": {"uv": [3, 3, 4, 4], "texture": "#0", "cullface": "west"},
                "west": {"uv": [3, 3, 4, 4], "texture": "#0", "cullface": "west"},
                "up": {"uv": [3, 3, 4, 4], "texture": "#0", "cullface": "west"},
                "down": {"uv": [3, 3, 4, 4], "texture": "#0", "cullface": "west"}
            },
            "type": "cube"
        },
        {
            "name": "west4",
            "from": [-0.5, 4, 11],
            "to": [0.5, 5, 12],
            "faces": {
                "north": {"uv": [3, 3, 4, 4], "texture": "#0", "cullface": "west"},
                "east": {"uv": [3, 3, 4, 4], "texture": "#0", "cullface": "west"},
                "south": {"uv": [3, 3, 4, 4], "texture": "#0", "cullface": "west"},
                "west": {"uv": [3, 3, 4, 4], "texture": "#0", "cullface": "west"},
                "up": {"uv": [3, 3, 4, 4], "texture": "#0", "cullface": "west"},
                "down": {"uv": [3, 3, 4, 4], "texture": "#0", "cullface": "west"}
            },
            "type": "cube"
        },
        {
            "name": "west5",
            "from": [-0.5, 8, 1],
            "to": [0.5, 9, 3],
            "faces": {
                "north": {"uv": [3, 3, 4, 4], "texture": "#0", "cullface": "west"},
                "east": {"uv": [1, 7, 3, 8], "texture": "#0", "cullface": "west"},
                "south": {"uv": [3, 3, 4, 4], "texture": "#0", "cullface": "west"},
                "west": {"uv": [1, 7, 3, 8], "texture": "#0", "cullface": "west"},
                "up": {"uv": [7, 1, 8, 3], "texture": "#0", "cullface": "west"},
                "down": {"uv": [7, 1, 8, 3], "texture": "#0", "cullface": "west"}
            },
            "type": "cube"
        },
        {
            "name": "west6",
            "from": [-0.5, 8, 12],
            "to": [0.5, 9, 14],
            "faces": {
                "north": {"uv": [3, 3, 4, 4], "texture": "#0", "cullface": "west"},
                "east": {"uv": [1, 7, 3, 8], "texture": "#0", "cullface": "west"},
                "south": {"uv": [3, 3, 4, 4], "texture": "#0", "cullface": "west"},
                "west": {"uv": [1, 7, 3, 8], "texture": "#0", "cullface": "west"},
                "up": {"uv": [7, 1, 8, 3], "texture": "#0", "cullface": "west"},
                "down": {"uv": [7, 1, 8, 3], "texture": "#0", "cullface": "west"}
            },
            "type": "cube"
        },
        {
            "name": "west7",
            "from": [-0.5, 13, 7],
            "to": [0.5, 15, 8],
            "faces": {
                "north": {"uv": [8, 7, 9, 9], "texture": "#0", "cullface": "west"},
                "east": {"uv": [8, 8, 9, 10], "texture": "#0", "cullface": "west"},
                "south": {"uv": [6, 9, 7, 11], "texture": "#0", "cullface": "west"},
                "west": {"uv": [8, 7, 9, 9], "texture": "#0", "cullface": "west"},
                "up": {"uv": [9, 9, 10, 10], "texture": "#0", "cullface": "west"},
                "down": {"uv": [9, 8, 10, 9], "texture": "#0", "cullface": "west"}
            },
            "type": "cube"
        },
        {
            "name": "west8",
            "from": [-0.5, 2, 7],
            "to": [0.5, 4, 8],
            "faces": {
                "north": {"uv": [8, 6, 9, 8], "texture": "#0", "cullface": "west"},
                "east": {"uv": [8, 7, 9, 9], "texture": "#0", "cullface": "west"},
                "south": {"uv": [6, 9, 7, 11], "texture": "#0", "cullface": "west"},
                "west": {"uv": [9, 7, 10, 9], "texture": "#0", "cullface": "west"},
                "up": {"uv": [5, 3, 6, 4], "texture": "#0", "cullface": "west"},
                "down": {"uv": [5, 3, 6, 4], "texture": "#0", "cullface": "west"}
            },
            "type": "cube"
        },
        {
            "name": "west9",
            "from": [-0.5, 6, 3],
            "to": [0.5, 11, 4],
            "faces": {
                "north": {"uv": [8, 5, 9, 10], "texture": "#0", "cullface": "west"},
                "east": {"uv": [9, 5, 10, 10], "texture": "#0", "cullface": "west"},
                "south": {"uv": [9, 5, 10, 10], "texture": "#0", "cullface": "west"},
                "west": {"uv": [8, 6, 9, 11], "texture": "#0", "cullface": "west"},
                "up": {"uv": [5, 3, 6, 4], "texture": "#0", "cullface": "west"},
                "down": {"uv": [5, 3, 6, 4], "texture": "#0", "cullface": "west"}
            },
            "type": "cube"
        },
        {
            "name": "west10",
            "from": [-0.5, 6, 11],
            "to": [0.5, 11, 12],
            "faces": {
                "north": {"uv": [8, 5, 9, 10], "texture": "#0", "cullface": "west"},
                "east": {"uv": [8, 4, 9, 9], "texture": "#0", "cullface": "west"},
                "south": {"uv": [8, 5, 9, 10], "texture": "#0", "cullface": "west"},
                "west": {"uv": [8, 4, 9, 9], "texture": "#0", "cullface": "west"},
                "up": {"uv": [5, 3, 6, 4], "texture": "#0", "cullface": "west"},
                "down": {"uv": [5, 3, 6, 4], "texture": "#0", "cullface": "west"}
            },
            "type": "cube"
        },
        {
            "name": "west11",
            "from": [-0.5, 5, 4],
            "to": [0.5, 12, 5],
            "faces": {
                "north": {"uv": [4, 4, 5, 11], "texture": "#0", "cullface": "west"},
                "east": {"uv": [8, 4, 9, 11], "texture": "#0", "cullface": "west"},
                "south": {"uv": [8, 4, 9, 11], "texture": "#0", "cullface": "west"},
                "west": {"uv": [8, 4, 9, 11], "texture": "#0", "cullface": "west"},
                "up": {"uv": [4, 4, 5, 5], "texture": "#0", "cullface": "west"},
                "down": {"uv": [4, 4, 5, 5], "texture": "#0", "cullface": "west"}
            },
            "type": "cube"
        },
        {
            "name": "west12",
            "from": [-0.5, 5, 10],
            "to": [0.5, 12, 11],
            "faces": {
                "north": {"uv": [4, 4, 5, 11], "texture": "#0", "cullface": "west"},
                "east": {"uv": [9, 4, 10, 11], "texture": "#0", "cullface": "west"},
                "south": {"uv": [4, 4, 5, 11], "texture": "#0", "cullface": "west"},
                "west": {"uv": [8, 4, 9, 11], "texture": "#0", "cullface": "west"},
                "up": {"uv": [4, 4, 5, 5], "texture": "#0", "cullface": "west"},
                "down": {"uv": [4, 4, 5, 5], "texture": "#0", "cullface": "west"}
            },
            "type": "cube"
        },
        {
            "name": "west13",
            "from": [-0.5, 4, 5],
            "to": [0.5, 13, 10],
            "faces": {
                "north": {"uv": [9, 7, 10, 8], "texture": "#0", "cullface": "west"},
                "east": {"uv": [9, 7, 10, 9], "texture": "#0", "cullface": "west"},
                "south": {"uv": [6, 7, 7, 8], "texture": "#0", "cullface": "west"},
                "west": {"uv": [5, 3, 10, 12], "texture": "#0", "cullface": "west"},
                "up": {"uv": [10, 9, 11, 10], "texture": "#0", "cullface": "west"},
                "down": {"uv": [10, 9, 11, 10], "texture": "#0", "cullface": "west"}
            },
            "type": "cube"
        },
        {
            "name": "west14",
            "from": [-1, 6, 5],
            "to": [0, 11, 10],
            "faces": {
                "north": {"uv": [5, 5, 6, 10], "texture": "#0", "cullface": "west"},
                "east": {"uv": [5, 7, 10, 12], "texture": "#0", "cullface": "west"},
                "south": {"uv": [5, 9, 6, 11], "texture": "#0", "cullface": "west"},
                "west": {"uv": [5, 5, 10, 10], "texture": "#0", "cullface": "west"},
                "up": {"uv": [5, 5, 6, 10], "texture": "#0", "cullface": "west"},
                "down": {"uv": [5, 9, 6, 10], "texture": "#0", "cullface": "west"}
            },
            "type": "cube"
        },
        {
            "name": "east1",
            "from": [15.5, 4, 4],
            "to": [16.5, 5, 5],
            "faces": {
                "north": {"uv": [3, 3, 4, 4], "texture": "#0", "cullface": "east"},
                "east": {"uv": [3, 3, 4, 4], "texture": "#0", "cullface": "east"},
                "south": {"uv": [3, 3, 4, 4], "texture": "#0", "cullface": "east"},
                "west": {"uv": [3, 3, 4, 4], "texture": "#0", "cullface": "east"},
                "up": {"uv": [3, 3, 4, 4], "texture": "#0", "cullface": "east"},
                "down": {"uv": [3, 3, 4, 4], "texture": "#0", "cullface": "east"}
            },
            "type": "cube"
        },
        {
            "name": "east2",
            "from": [15.5, 12, 4],
            "to": [16.5, 13, 5],
            "faces": {
                "north": {"uv": [3, 3, 4, 4], "texture": "#0", "cullface": "east"},
                "east": {"uv": [3, 3, 4, 4], "texture": "#0", "cullface": "east"},
                "south": {"uv": [3, 3, 4, 4], "texture": "#0", "cullface": "east"},
                "west": {"uv": [3, 3, 4, 4], "texture": "#0", "cullface": "east"},
                "up": {"uv": [3, 3, 4, 4], "texture": "#0", "cullface": "east"},
                "down": {"uv": [3, 3, 4, 4], "texture": "#0", "cullface": "east"}
            },
            "type": "cube"
        },
        {
            "name": "east3",
            "from": [15.5, 12, 12],
            "to": [16.5, 13, 13],
            "faces": {
                "north": {"uv": [3, 3, 4, 4], "texture": "#0", "cullface": "east"},
                "east": {"uv": [3, 3, 4, 4], "texture": "#0", "cullface": "east"},
                "south": {"uv": [3, 3, 4, 4], "texture": "#0", "cullface": "east"},
                "west": {"uv": [3, 3, 4, 4], "texture": "#0", "cullface": "east"},
                "up": {"uv": [3, 3, 4, 4], "texture": "#0", "cullface": "east"},
                "down": {"uv": [3, 3, 4, 4], "texture": "#0", "cullface": "east"}
            },
            "type": "cube"
        },
        {
            "name": "east4",
            "from": [15.5, 4, 12],
            "to": [16.5, 5, 13],
            "faces": {
                "north": {"uv": [3, 3, 4, 4], "texture": "#0", "cullface": "east"},
                "east": {"uv": [3, 3, 4, 4], "texture": "#0", "cullface": "east"},
                "south": {"uv": [3, 3, 4, 4], "texture": "#0", "cullface": "east"},
                "west": {"uv": [3, 3, 4, 4], "texture": "#0", "cullface": "east"},
                "up": {"uv": [3, 3, 4, 4], "texture": "#0", "cullface": "east"},
                "down": {"uv": [3, 3, 4, 4], "texture": "#0", "cullface": "east"}
            },
            "type": "cube"
        },
        {
            "name": "east5",
            "from": [15.5, 8, 2],
            "to": [16.5, 9, 4],
            "faces": {
                "north": {"uv": [3, 3, 4, 4], "texture": "#0", "cullface": "east"},
                "east": {"uv": [1, 7, 3, 8], "texture": "#0", "cullface": "east"},
                "south": {"uv": [3, 3, 4, 4], "texture": "#0", "cullface": "east"},
                "west": {"uv": [1, 7, 3, 8], "texture": "#0", "cullface": "east"},
                "up": {"uv": [7, 1, 8, 3], "texture": "#0", "cullface": "east"},
                "down": {"uv": [7, 1, 8, 3], "texture": "#0", "cullface": "east"}
            },
            "type": "cube"
        },
        {
            "name": "east6",
            "from": [15.5, 8, 13],
            "to": [16.5, 9, 15],
            "faces": {
                "north": {"uv": [3, 3, 4, 4], "texture": "#0", "cullface": "east"},
                "east": {"uv": [1, 7, 3, 8], "texture": "#0", "cullface": "east"},
                "south": {"uv": [3, 3, 4, 4], "texture": "#0", "cullface": "east"},
                "west": {"uv": [1, 7, 3, 8], "texture": "#0", "cullface": "east"},
                "up": {"uv": [7, 1, 8, 3], "texture": "#0", "cullface": "east"},
                "down": {"uv": [7, 1, 8, 3], "texture": "#0", "cullface": "east"}
            },
            "type": "cube"
        },
        {
            "name": "east7",
            "from": [15.5, 13, 8],
            "to": [16.5, 15, 9],
            "faces": {
                "north": {"uv": [8, 7, 9, 9], "texture": "#0", "cullface": "east"},
                "east": {"uv": [8, 8, 9, 10], "texture": "#0", "cullface": "east"},
                "south": {"uv": [6, 9, 7, 11], "texture": "#0", "cullface": "east"},
                "west": {"uv": [8, 7, 9, 9], "texture": "#0", "cullface": "east"},
                "up": {"uv": [9, 9, 10, 10], "texture": "#0", "cullface": "east"},
                "down": {"uv": [9, 8, 10, 9], "texture": "#0", "cullface": "east"}
            },
            "type": "cube"
        },
        {
            "name": "east8",
            "from": [15.5, 2, 8],
            "to": [16.5, 4, 9],
            "faces": {
                "north": {"uv": [8, 6, 9, 8], "texture": "#0", "cullface": "east"},
                "east": {"uv": [8, 7, 9, 9], "texture": "#0", "cullface": "east"},
                "south": {"uv": [6, 9, 7, 11], "texture": "#0", "cullface": "east"},
                "west": {"uv": [9, 7, 10, 9], "texture": "#0", "cullface": "east"},
                "up": {"uv": [5, 3, 6, 4], "texture": "#0", "cullface": "east"},
                "down": {"uv": [5, 3, 6, 4], "texture": "#0", "cullface": "east"}
            },
            "type": "cube"
        },
        {
            "name": "east9",
            "from": [15.5, 6, 4],
            "to": [16.5, 11, 5],
            "faces": {
                "north": {"uv": [8, 5, 9, 10], "texture": "#0", "cullface": "east"},
                "east": {"uv": [9, 5, 10, 10], "texture": "#0", "cullface": "east"},
                "south": {"uv": [9, 5, 10, 10], "texture": "#0", "cullface": "east"},
                "west": {"uv": [8, 6, 9, 11], "texture": "#0", "cullface": "east"},
                "up": {"uv": [5, 3, 6, 4], "texture": "#0", "cullface": "east"},
                "down": {"uv": [5, 3, 6, 4], "texture": "#0", "cullface": "east"}
            },
            "type": "cube"
        },
        {
            "name": "east10",
            "from": [15.5, 6, 12],
            "to": [16.5, 11, 13],
            "faces": {
                "north": {"uv": [8, 5, 9, 10], "texture": "#0", "cullface": "east"},
                "east": {"uv": [8, 4, 9, 9], "texture": "#0", "cullface": "east"},
                "south": {"uv": [8, 5, 9, 10], "texture": "#0", "cullface": "east"},
                "west": {"uv": [8, 4, 9, 9], "texture": "#0", "cullface": "east"},
                "up": {"uv": [5, 3, 6, 4], "texture": "#0", "cullface": "east"},
                "down": {"uv": [5, 3, 6, 4], "texture": "#0", "cullface": "east"}
            },
            "type": "cube"
        },
        {
            "name": "east11",
            "from": [15.5, 5, 5],
            "to": [16.5, 12, 6],
            "faces": {
                "north": {"uv": [4, 4, 5, 11], "texture": "#0", "cullface": "east"},
                "east": {"uv": [8, 4, 9, 11], "texture": "#0", "cullface": "east"},
                "south": {"uv": [8, 4, 9, 11], "texture": "#0", "cullface": "east"},
                "west": {"uv": [8, 4, 9, 11], "texture": "#0", "cullface": "east"},
                "up": {"uv": [4, 4, 5, 5], "texture": "#0", "cullface": "east"},
                "down": {"uv": [4, 4, 5, 5], "texture": "#0", "cullface": "east"}
            },
            "type": "cube"
        },
        {
            "name": "east12",
            "from": [15.5, 5, 11],
            "to": [16.5, 12, 12],
            "faces": {
                "north": {"uv": [4, 4, 5, 11], "texture": "#0", "cullface": "east"},
                "east": {"uv": [9, 4, 10, 11], "texture": "#0", "cullface": "east"},
                "south": {"uv": [4, 4, 5, 11], "texture": "#0", "cullface": "east"},
                "west": {"uv": [8, 4, 9, 11], "texture": "#0", "cullface": "east"},
                "up": {"uv": [4, 4, 5, 5], "texture": "#0", "cullface": "east"},
                "down": {"uv": [4, 4, 5, 5], "texture": "#0", "cullface": "east"}
            },
            "type": "cube"
        },
        {
            "name": "east13",
            "from": [15.5, 4, 6],
            "to": [16.5, 13, 11],
            "faces": {
                "north": {"uv": [8, 3, 9, 12], "texture": "#0", "cullface": "east"},
                "east": {"uv": [5, 3, 10, 12], "texture": "#0", "cullface": "east"},
                "south": {"uv": [7, 3, 8, 12], "texture": "#0", "cullface": "east"},
                "west": {"uv": [9, 11, 10, 12], "texture": "#0", "cullface": "east"},
                "up": {"uv": [8, 5, 9, 10], "texture": "#0", "cullface": "east"},
                "down": {"uv": [8, 5, 9, 10], "texture": "#0", "cullface": "east"}
            },
            "type": "cube"
        },
        {
            "name": "east14",
            "from": [16, 6, 6],
            "to": [17, 11, 11],
            "faces": {
                "north": {"uv": [8, 5, 9, 10], "texture": "#0", "cullface": "east"},
                "east": {"uv": [5, 5, 10, 10], "texture": "#0", "cullface": "east"},
                "south": {"uv": [5, 5, 6, 10], "texture": "#0", "cullface": "east"},
                "west": {"uv": [9, 9, 10, 10], "texture": "#0", "cullface": "east"},
                "up": {"uv": [5, 5, 6, 10], "texture": "#0", "rotation": 180, "cullface": "east"},
                "down": {"uv": [9, 6, 10, 11], "texture": "#0", "cullface": "east"}
            },
            "type": "cube"
        },
        {
            "name": "south1",
            "from": [3, 4, 15.5],
            "to": [4, 5, 16.5],
            "faces": {
                "north": {"uv": [3, 3, 4, 4], "texture": "#0", "cullface": "south"},
                "east": {"uv": [3, 3, 4, 4], "texture": "#0", "cullface": "south"},
                "south": {"uv": [3, 3, 4, 4], "texture": "#0", "cullface": "south"},
                "west": {"uv": [3, 3, 4, 4], "texture": "#0", "cullface": "south"},
                "up": {"uv": [3, 3, 4, 4], "texture": "#0", "cullface": "south"},
                "down": {"uv": [3, 3, 4, 4], "texture": "#0", "cullface": "south"}
            },
            "type": "cube"
        },
        {
            "name": "south2",
            "from": [11, 4, 15.5],
            "to": [12, 5, 16.5],
            "faces": {
                "north": {"uv": [3, 3, 4, 4], "texture": "#0", "cullface": "south"},
                "east": {"uv": [3, 3, 4, 4], "texture": "#0", "cullface": "south"},
                "south": {"uv": [3, 3, 4, 4], "texture": "#0", "cullface": "south"},
                "west": {"uv": [3, 3, 4, 4], "texture": "#0", "cullface": "south"},
                "up": {"uv": [3, 3, 4, 4], "texture": "#0", "cullface": "south"},
                "down": {"uv": [3, 3, 4, 4], "texture": "#0", "cullface": "south"}
            },
            "type": "cube"
        },
        {
            "name": "south3",
            "from": [11, 12, 15.5],
            "to": [12, 13, 16.5],
            "faces": {
                "north": {"uv": [3, 3, 4, 4], "texture": "#0", "cullface": "south"},
                "east": {"uv": [3, 3, 4, 4], "texture": "#0", "cullface": "south"},
                "south": {"uv": [3, 3, 4, 4], "texture": "#0", "cullface": "south"},
                "west": {"uv": [3, 3, 4, 4], "texture": "#0", "cullface": "south"},
                "up": {"uv": [3, 3, 4, 4], "texture": "#0", "cullface": "south"},
                "down": {"uv": [3, 3, 4, 4], "texture": "#0", "cullface": "south"}
            },
            "type": "cube"
        },
        {
            "name": "south4",
            "from": [3, 12, 15.5],
            "to": [4, 13, 16.5],
            "faces": {
                "north": {"uv": [3, 3, 4, 4], "texture": "#0", "cullface": "south"},
                "east": {"uv": [3, 3, 4, 4], "texture": "#0", "cullface": "south"},
                "south": {"uv": [3, 3, 4, 4], "texture": "#0", "cullface": "south"},
                "west": {"uv": [3, 3, 4, 4], "texture": "#0", "cullface": "south"},
                "up": {"uv": [3, 3, 4, 4], "texture": "#0", "cullface": "south"},
                "down": {"uv": [3, 3, 4, 4], "texture": "#0", "cullface": "south"}
            },
            "type": "cube"
        },
        {
            "name": "south5",
            "from": [7, 2, 15.5],
            "to": [8, 4, 16.5],
            "faces": {
                "north": {"uv": [3, 3, 4, 4], "texture": "#0", "cullface": "south"},
                "east": {"uv": [1, 7, 2, 8], "texture": "#0", "cullface": "south"},
                "south": {"uv": [3, 3, 4, 4], "texture": "#0", "cullface": "south"},
                "west": {"uv": [1, 7, 2, 8], "texture": "#0", "cullface": "south"},
                "up": {"uv": [7, 1, 8, 2], "texture": "#0", "cullface": "south"},
                "down": {"uv": [7, 1, 8, 2], "texture": "#0", "cullface": "south"}
            },
            "type": "cube"
        },
        {
            "name": "south6",
            "from": [7, 13, 15.5],
            "to": [8, 15, 16.5],
            "faces": {
                "north": {"uv": [3, 3, 4, 4], "texture": "#0", "cullface": "south"},
                "east": {"uv": [1, 7, 2, 8], "texture": "#0", "cullface": "south"},
                "south": {"uv": [3, 3, 4, 4], "texture": "#0", "cullface": "south"},
                "west": {"uv": [1, 7, 2, 8], "texture": "#0", "cullface": "south"},
                "up": {"uv": [7, 1, 8, 2], "texture": "#0", "cullface": "south"},
                "down": {"uv": [7, 1, 8, 2], "texture": "#0", "cullface": "south"}
            },
            "type": "cube"
        },
        {
            "name": "south7",
            "from": [12, 8, 15.5],
            "to": [14, 9, 16.5],
            "faces": {
                "north": {"uv": [3, 3, 4, 4], "texture": "#0", "cullface": "south"},
                "east": {"uv": [3, 3, 4, 4], "texture": "#0", "cullface": "south"},
                "south": {"uv": [6, 9, 8, 10], "texture": "#0", "cullface": "south"},
                "west": {"uv": [3, 3, 4, 4], "texture": "#0", "cullface": "south"},
                "up": {"uv": [5, 3, 7, 4], "texture": "#0", "cullface": "south"},
                "down": {"uv": [5, 3, 7, 4], "texture": "#0", "cullface": "south"}
            },
            "type": "cube"
        },
        {
            "name": "south8",
            "from": [1, 8, 15.5],
            "to": [3, 9, 16.5],
            "faces": {
                "north": {"uv": [5, 3, 7, 4], "texture": "#0", "cullface": "south"},
                "east": {"uv": [3, 3, 4, 4], "texture": "#0", "cullface": "south"},
                "south": {"uv": [6, 9, 8, 10], "texture": "#0", "cullface": "south"},
                "west": {"uv": [3, 3, 4, 4], "texture": "#0", "cullface": "south"},
                "up": {"uv": [5, 3, 7, 4], "texture": "#0", "cullface": "south"},
                "down": {"uv": [5, 3, 7, 4], "texture": "#0", "cullface": "south"}
            },
            "type": "cube"
        },
        {
            "name": "south9",
            "from": [5, 4, 15.5],
            "to": [10, 5, 16.5],
            "faces": {
                "north": {"uv": [5, 3, 10, 4], "texture": "#0", "cullface": "south"},
                "east": {"uv": [3, 3, 4, 4], "texture": "#0", "cullface": "south"},
                "south": {"uv": [5, 3, 10, 4], "texture": "#0", "cullface": "south"},
                "west": {"uv": [3, 3, 4, 4], "texture": "#0", "cullface": "south"},
                "up": {"uv": [5, 3, 10, 4], "texture": "#0", "cullface": "south"},
                "down": {"uv": [5, 3, 10, 4], "texture": "#0", "cullface": "south"}
            },
            "type": "cube"
        },
        {
            "name": "south10",
            "from": [5, 12, 15.5],
            "to": [10, 13, 16.5],
            "faces": {
                "north": {"uv": [5, 3, 10, 4], "texture": "#0", "cullface": "south"},
                "east": {"uv": [3, 3, 4, 4], "texture": "#0", "cullface": "south"},
                "south": {"uv": [5, 3, 10, 4], "texture": "#0", "cullface": "south"},
                "west": {"uv": [3, 3, 4, 4], "texture": "#0", "cullface": "south"},
                "up": {"uv": [5, 3, 10, 4], "texture": "#0", "cullface": "south"},
                "down": {"uv": [5, 3, 10, 4], "texture": "#0", "cullface": "south"}
            },
            "type": "cube"
        },
        {
            "name": "south11",
            "from": [4, 5, 15.5],
            "to": [11, 6, 16.5],
            "faces": {
                "north": {"uv": [4, 4, 11, 5], "texture": "#0", "cullface": "south"},
                "east": {"uv": [3, 3, 4, 4], "texture": "#0", "cullface": "south"},
                "south": {"uv": [4, 4, 11, 5], "texture": "#0", "cullface": "south"},
                "west": {"uv": [3, 3, 4, 4], "texture": "#0", "cullface": "south"},
                "up": {"uv": [4, 4, 11, 5], "texture": "#0", "cullface": "south"},
                "down": {"uv": [4, 4, 11, 5], "texture": "#0", "cullface": "south"}
            },
            "type": "cube"
        },
        {
            "name": "south12",
            "from": [4, 11, 15.5],
            "to": [11, 12, 16.5],
            "faces": {
                "north": {"uv": [4, 4, 11, 5], "texture": "#0", "cullface": "south"},
                "east": {"uv": [3, 3, 4, 4], "texture": "#0", "cullface": "south"},
                "south": {"uv": [4, 4, 11, 5], "texture": "#0", "cullface": "south"},
                "west": {"uv": [3, 3, 4, 4], "texture": "#0", "cullface": "south"},
                "up": {"uv": [4, 4, 11, 5], "texture": "#0", "cullface": "south"},
                "down": {"uv": [4, 4, 11, 5], "texture": "#0", "cullface": "south"}
            },
            "type": "cube"
        },
        {
            "name": "south13",
            "from": [3, 6, 15.5],
            "to": [12, 11, 16.5],
            "faces": {
                "north": {"uv": [3, 5, 4, 6], "texture": "#0", "cullface": "south"},
                "east": {"uv": [5, 11, 6, 12], "texture": "#0", "cullface": "south"},
                "south": {"uv": [3, 5, 12, 10], "texture": "#0", "cullface": "south"},
                "west": {"uv": [5, 7, 6, 8], "texture": "#0", "cullface": "south"},
                "up": {"uv": [3, 5, 4, 6], "texture": "#0", "cullface": "south"},
                "down": {"uv": [7, 9, 8, 10], "texture": "#0", "cullface": "south"}
            },
            "type": "cube"
        },
        {
            "name": "south14",
            "from": [5, 6, 16],
            "to": [10, 11, 17],
            "faces": {
                "north": {"uv": [9, 9, 10, 10], "texture": "#0", "rotation": 180, "cullface": "south"},
                "east": {"uv": [5, 7, 6, 12], "texture": "#0", "cullface": "south"},
                "south": {"uv": [5, 5, 10, 10], "texture": "#0", "cullface": "south"},
                "west": {"uv": [5, 5, 6, 10], "texture": "#0", "cullface": "south"},
                "up": {"uv": [5, 5, 10, 6], "texture": "#0", "cullface": "south"},
                "down": {"uv": [9, 5, 10, 6], "texture": "#0", "cullface": "south"}
            },
            "type": "cube"
        },
        {
            "name": "north1",
            "from": [4, 4, -0.5],
            "to": [5, 5, 0.5],
            "faces": {
                "north": {"uv": [3, 3, 4, 4], "texture": "#0", "cullface": "north"},
                "east": {"uv": [3, 3, 4, 4], "texture": "#0", "cullface": "north"},
                "south": {"uv": [3, 3, 4, 4], "texture": "#0", "cullface": "north"},
                "west": {"uv": [3, 3, 4, 4], "texture": "#0", "cullface": "north"},
                "up": {"uv": [3, 3, 4, 4], "texture": "#0", "cullface": "north"},
                "down": {"uv": [3, 3, 4, 4], "texture": "#0", "cullface": "north"}
            },
            "type": "cube"
        },
        {
            "name": "north2",
            "from": [12, 4, -0.5],
            "to": [13, 5, 0.5],
            "faces": {
                "north": {"uv": [3, 3, 4, 4], "texture": "#0", "cullface": "north"},
                "east": {"uv": [3, 3, 4, 4], "texture": "#0", "cullface": "north"},
                "south": {"uv": [3, 3, 4, 4], "texture": "#0", "cullface": "north"},
                "west": {"uv": [3, 3, 4, 4], "texture": "#0", "cullface": "north"},
                "up": {"uv": [3, 3, 4, 4], "texture": "#0", "cullface": "north"},
                "down": {"uv": [3, 3, 4, 4], "texture": "#0", "cullface": "north"}
            },
            "type": "cube"
        },
        {
            "name": "north3",
            "from": [12, 12, -0.5],
            "to": [13, 13, 0.5],
            "faces": {
                "north": {"uv": [3, 3, 4, 4], "texture": "#0", "cullface": "north"},
                "east": {"uv": [3, 3, 4, 4], "texture": "#0", "cullface": "north"},
                "south": {"uv": [3, 3, 4, 4], "texture": "#0", "cullface": "north"},
                "west": {"uv": [3, 3, 4, 4], "texture": "#0", "cullface": "north"},
                "up": {"uv": [3, 3, 4, 4], "texture": "#0", "cullface": "north"},
                "down": {"uv": [3, 3, 4, 4], "texture": "#0", "cullface": "north"}
            },
            "type": "cube"
        },
        {
            "name": "north4",
            "from": [4, 12, -0.5],
            "to": [5, 13, 0.5],
            "faces": {
                "north": {"uv": [3, 3, 4, 4], "texture": "#0", "cullface": "north"},
                "east": {"uv": [3, 3, 4, 4], "texture": "#0", "cullface": "north"},
                "south": {"uv": [3, 3, 4, 4], "texture": "#0", "cullface": "north"},
                "west": {"uv": [3, 3, 4, 4], "texture": "#0", "cullface": "north"},
                "up": {"uv": [3, 3, 4, 4], "texture": "#0", "cullface": "north"},
                "down": {"uv": [3, 3, 4, 4], "texture": "#0", "cullface": "north"}
            },
            "type": "cube"
        },
        {
            "name": "north5",
            "from": [8, 2, -0.5],
            "to": [9, 4, 0.5],
            "faces": {
                "north": {"uv": [3, 3, 4, 4], "texture": "#0", "cullface": "north"},
                "east": {"uv": [1, 7, 2, 8], "texture": "#0", "cullface": "north"},
                "south": {"uv": [3, 3, 4, 4], "texture": "#0", "cullface": "north"},
                "west": {"uv": [1, 7, 2, 8], "texture": "#0", "cullface": "north"},
                "up": {"uv": [7, 1, 8, 2], "texture": "#0", "cullface": "north"},
                "down": {"uv": [7, 1, 8, 2], "texture": "#0", "cullface": "north"}
            },
            "type": "cube"
        },
        {
            "name": "north6",
            "from": [8, 13, -0.5],
            "to": [9, 15, 0.5],
            "faces": {
                "north": {"uv": [3, 3, 4, 4], "texture": "#0", "cullface": "north"},
                "east": {"uv": [1, 7, 2, 8], "texture": "#0", "cullface": "north"},
                "south": {"uv": [3, 3, 4, 4], "texture": "#0", "cullface": "north"},
                "west": {"uv": [1, 7, 2, 8], "texture": "#0", "cullface": "north"},
                "up": {"uv": [7, 1, 8, 2], "texture": "#0", "cullface": "north"},
                "down": {"uv": [7, 1, 8, 2], "texture": "#0", "cullface": "north"}
            },
            "type": "cube"
        },
        {
            "name": "north7",
            "from": [13, 8, -0.5],
            "to": [15, 9, 0.5],
            "faces": {
                "north": {"uv": [3, 3, 4, 4], "texture": "#0", "cullface": "north"},
                "east": {"uv": [3, 3, 4, 4], "texture": "#0", "cullface": "north"},
                "south": {"uv": [6, 9, 8, 10], "texture": "#0", "cullface": "north"},
                "west": {"uv": [3, 3, 4, 4], "texture": "#0", "cullface": "north"},
                "up": {"uv": [5, 3, 7, 4], "texture": "#0", "cullface": "north"},
                "down": {"uv": [5, 3, 7, 4], "texture": "#0", "cullface": "north"}
            },
            "type": "cube"
        },
        {
            "name": "north8",
            "from": [2, 8, -0.5],
            "to": [4, 9, 0.5],
            "faces": {
                "north": {"uv": [5, 3, 7, 4], "texture": "#0", "cullface": "north"},
                "east": {"uv": [3, 3, 4, 4], "texture": "#0", "cullface": "north"},
                "south": {"uv": [6, 9, 8, 10], "texture": "#0", "cullface": "north"},
                "west": {"uv": [3, 3, 4, 4], "texture": "#0", "cullface": "north"},
                "up": {"uv": [5, 3, 7, 4], "texture": "#0", "cullface": "north"},
                "down": {"uv": [5, 3, 7, 4], "texture": "#0", "cullface": "north"}
            },
            "type": "cube"
        },
        {
            "name": "north9",
            "from": [6, 4, -0.5],
            "to": [11, 5, 0.5],
            "faces": {
                "north": {"uv": [5, 3, 10, 4], "texture": "#0", "cullface": "north"},
                "east": {"uv": [3, 3, 4, 4], "texture": "#0", "cullface": "north"},
                "south": {"uv": [5, 3, 10, 4], "texture": "#0", "cullface": "north"},
                "west": {"uv": [3, 3, 4, 4], "texture": "#0", "cullface": "north"},
                "up": {"uv": [5, 3, 10, 4], "texture": "#0", "cullface": "north"},
                "down": {"uv": [5, 3, 10, 4], "texture": "#0", "cullface": "north"}
            },
            "type": "cube"
        },
        {
            "name": "north10",
            "from": [6, 12, -0.5],
            "to": [11, 13, 0.5],
            "faces": {
                "north": {"uv": [5, 3, 10, 4], "texture": "#0", "cullface": "north"},
                "east": {"uv": [3, 3, 4, 4], "texture": "#0", "cullface": "north"},
                "south": {"uv": [5, 3, 10, 4], "texture": "#0", "cullface": "north"},
                "west": {"uv": [3, 3, 4, 4], "texture": "#0", "cullface": "north"},
                "up": {"uv": [5, 3, 10, 4], "texture": "#0", "cullface": "north"},
                "down": {"uv": [5, 3, 10, 4], "texture": "#0", "cullface": "north"}
            },
            "type": "cube"
        },
        {
            "name": "north11",
            "from": [5, 5, -0.5],
            "to": [12, 6, 0.5],
            "faces": {
                "north": {"uv": [4, 4, 11, 5], "texture": "#0", "cullface": "north"},
                "east": {"uv": [3, 3, 4, 4], "texture": "#0", "cullface": "north"},
                "south": {"uv": [4, 4, 11, 5], "texture": "#0", "cullface": "north"},
                "west": {"uv": [3, 3, 4, 4], "texture": "#0", "cullface": "north"},
                "up": {"uv": [4, 4, 11, 5], "texture": "#0", "cullface": "north"},
                "down": {"uv": [4, 4, 11, 5], "texture": "#0", "cullface": "north"}
            },
            "type": "cube"
        },
        {
            "name": "north12",
            "from": [5, 11, -0.5],
            "to": [12, 12, 0.5],
            "faces": {
                "north": {"uv": [4, 4, 11, 5], "texture": "#0", "cullface": "north"},
                "east": {"uv": [3, 3, 4, 4], "texture": "#0", "cullface": "north"},
                "south": {"uv": [4, 4, 11, 5], "texture": "#0", "cullface": "north"},
                "west": {"uv": [3, 3, 4, 4], "texture": "#0", "cullface": "north"},
                "up": {"uv": [4, 4, 11, 5], "texture": "#0", "cullface": "north"},
                "down": {"uv": [4, 4, 11, 5], "texture": "#0", "cullface": "north"}
            },
            "type": "cube"
        },
        {
            "name": "north13",
            "from": [4, 6, -0.5],
            "to": [13, 11, 0.5],
            "faces": {
                "north": {"uv": [3, 5, 12, 10], "texture": "#0", "cullface": "north"},
                "east": {"uv": [5, 11, 6, 12], "texture": "#0", "cullface": "north"},
                "south": {"uv": [11, 9, 12, 10], "texture": "#0", "cullface": "north"},
                "west": {"uv": [5, 7, 6, 12], "texture": "#0", "cullface": "north"},
                "up": {"uv": [11, 5, 12, 6], "texture": "#0", "cullface": "north"},
                "down": {"uv": [7, 9, 8, 10], "texture": "#0", "cullface": "north"}
            },
            "type": "cube"
        },
        {
            "name": "north14",
            "from": [6, 6, -1],
            "to": [11, 11, 0],
            "faces": {
                "north": {"uv": [5, 5, 10, 10], "texture": "#0", "cullface": "north"},
                "east": {"uv": [5, 5, 6, 10], "texture": "#0", "cullface": "north"},
                "south": {"uv": [9, 9, 10, 10], "texture": "#0", "cullface": "north"},
                "west": {"uv": [5, 9, 6, 10], "texture": "#0", "cullface": "north"},
                "up": {"uv": [5, 5, 10, 6], "texture": "#0", "rotation": 180, "cullface": "north"},
                "down": {"uv": [9, 5, 10, 6], "texture": "#0", "cullface": "north"}
            },
            "type": "cube"
        }
    ],
    "groups": [
        0,
        {
            "name": "up",
            "isOpen": false,
            "display": {"visibility": true, "autouv": true},
            "children": [1, 2, 3, 4, 5, 6, 7, 8, 9, 10, 11, 12, 13, 14]
        },
        {
            "name": "down",
            "isOpen": false,
            "display": {"visibility": true, "autouv": true},
            "children": [15, 16, 17, 18, 19, 20, 21, 22, 23, 24, 25, 26, 27, 28]
        },
        {
            "name": "west",
            "isOpen": false,
            "display": {"visibility": true, "autouv": true},
            "children": [29, 30, 31, 32, 33, 34, 35, 36, 37, 38, 39, 40, 41, 42]
        },
        {
            "name": "east",
            "isOpen": false,
            "display": {"visibility": true, "autouv": true},
            "children": [43, 44, 45, 46, 47, 48, 49, 50, 51, 52, 53, 54, 55, 56]
        },
        {
            "name": "south",
            "isOpen": false,
            "display": {"visibility": true, "autouv": true},
            "children": [57, 58, 59, 60, 61, 62, 63, 64, 65, 66, 67, 68, 69, 70]
        },
        {
            "name": "north",
            "isOpen": false,
            "display": {"visibility": true, "autouv": true},
            "children": [71, 72, 73, 74, 75, 76, 77, 78, 79, 80, 81, 82, 83, 84]
        }
    ]
}
