﻿{
    "ambientocclusion": false,
    "textures": {"particle": "block/destroy_stage_0", "0": "block/lime_wool"},
    "elements": [
        {
            "name": "main",
            "from": [0, 0, 0],
            "to": [16, 16, 16],
            "faces": {
                "north": {"uv": [0, 0, 16, 16], "texture": "#0", "cullface": "north"},
                "east": {"uv": [0, 0, 16, 16], "texture": "#0", "cullface": "east"},
                "south": {"uv": [0, 0, 16, 16], "texture": "#0", "cullface": "south"},
                "west": {"uv": [0, 0, 16, 16], "texture": "#0", "cullface": "west"},
                "up": {"uv": [0, 0, 16, 16], "texture": "#0", "cullface": "up"},
                "down": {"uv": [0, 0, 16, 16], "texture": "#0", "cullface": "down"}
            },
            "type": "cube"
        },
        {
            "name": "north1",
            "from": [4, 3, -0.5],
            "to": [13, 5, 0.5],
            "faces": {
                "north": {"uv": [3, 3, 4, 4], "texture": "#0", "cullface": "north"},
                "east": {"uv": [3, 3, 4, 4], "texture": "#0", "cullface": "north"},
                "south": {"uv": [3, 3, 4, 4], "texture": "#0", "cullface": "north"},
                "west": {"uv": [3, 3, 4, 4], "texture": "#0", "cullface": "north"},
                "up": {"uv": [3, 3, 4, 4], "texture": "#0", "cullface": "north"},
                "down": {"uv": [3, 3, 4, 4], "texture": "#0", "cullface": "north"}
            },
            "type": "cube"
        },
        {
            "name": "north2",
            "from": [4, 7, -0.5],
            "to": [13, 9, 0.5],
            "faces": {
                "north": {"uv": [3, 3, 12, 5], "texture": "#0", "cullface": "north"},
                "east": {"uv": [3, 3, 4, 5], "texture": "#0", "cullface": "north"},
                "south": {"uv": [3, 3, 12, 5], "texture": "#0", "cullface": "north"},
                "west": {"uv": [3, 3, 4, 5], "texture": "#0", "cullface": "north"},
                "up": {"uv": [3, 3, 12, 4], "texture": "#0", "cullface": "north"},
                "down": {"uv": [3, 3, 12, 4], "texture": "#0", "cullface": "north"}
            },
            "type": "cube"
        },
        {
            "name": "north3",
            "from": [3, 11, -0.5],
            "to": [13, 13, 0.5],
            "faces": {
                "north": {"uv": [3, 3, 13, 5], "texture": "#0", "cullface": "north"},
                "east": {"uv": [3, 3, 4, 5], "texture": "#0", "cullface": "north"},
                "south": {"uv": [3, 3, 13, 5], "texture": "#0", "cullface": "north"},
                "west": {"uv": [3, 3, 4, 5], "texture": "#0", "cullface": "north"},
                "up": {"uv": [3, 3, 13, 4], "texture": "#0", "cullface": "north"},
                "down": {"uv": [3, 3, 13, 4], "texture": "#0", "cullface": "north"}
            },
            "type": "cube"
        },
        {
            "name": "north4",
            "from": [10, 9, -0.5],
            "to": [13, 11, 0.5],
            "faces": {
                "north": {"uv": [3, 3, 6, 5], "texture": "#0", "cullface": "north"},
                "east": {"uv": [3, 3, 4, 5], "texture": "#0", "cullface": "north"},
                "south": {"uv": [3, 3, 6, 5], "texture": "#0", "cullface": "north"},
                "west": {"uv": [3, 3, 4, 5], "texture": "#0", "cullface": "north"},
                "up": {"uv": [3, 3, 6, 4], "texture": "#0", "cullface": "north"},
                "down": {"uv": [3, 3, 6, 4], "texture": "#0", "cullface": "north"}
            },
            "type": "cube"
        },
        {
            "name": "north5",
            "from": [4, 5, -0.5],
            "to": [6, 7, 0.5],
            "faces": {
                "north": {"uv": [3, 3, 5, 5], "texture": "#0", "cullface": "north"},
                "east": {"uv": [3, 3, 4, 5], "texture": "#0", "cullface": "north"},
                "south": {"uv": [3, 3, 5, 5], "texture": "#0", "cullface": "north"},
                "west": {"uv": [3, 3, 4, 5], "texture": "#0", "cullface": "north"},
                "up": {"uv": [3, 3, 5, 4], "texture": "#0", "cullface": "north"},
                "down": {"uv": [3, 3, 5, 4], "texture": "#0", "cullface": "north"}
            },
            "type": "cube"
        },
        {
            "name": "north6",
            "from": [3, 4, -0.5],
            "to": [4, 8, 0.5],
            "faces": {
                "north": {"uv": [3, 3, 4, 7], "texture": "#0", "cullface": "north"},
                "east": {"uv": [3, 3, 4, 7], "texture": "#0", "cullface": "north"},
                "south": {"uv": [3, 3, 4, 7], "texture": "#0", "cullface": "north"},
                "west": {"uv": [3, 3, 4, 7], "texture": "#0", "cullface": "north"},
                "up": {"uv": [3, 3, 4, 4], "texture": "#0", "cullface": "north"},
                "down": {"uv": [3, 3, 4, 4], "texture": "#0", "cullface": "north"}
            },
            "type": "cube"
        },
        {
            "name": "east1",
            "from": [15.5, 3, 4],
            "to": [16.5, 5, 13],
            "faces": {
                "north": {"uv": [3, 3, 4, 4], "texture": "#0", "cullface": "east"},
                "east": {"uv": [3, 3, 4, 4], "texture": "#0", "cullface": "east"},
                "south": {"uv": [3, 3, 4, 4], "texture": "#0", "cullface": "east"},
                "west": {"uv": [3, 3, 4, 4], "texture": "#0", "cullface": "east"},
                "up": {"uv": [3, 3, 4, 4], "texture": "#0", "rotation": 90, "cullface": "east"},
                "down": {"uv": [3, 3, 4, 4], "texture": "#0", "rotation": 270, "cullface": "east"}
            },
            "type": "cube"
        },
        {
            "name": "east2",
            "from": [15.5, 7, 4],
            "to": [16.5, 9, 13],
            "faces": {
                "north": {"uv": [3, 3, 4, 5], "texture": "#0", "cullface": "east"},
                "east": {"uv": [3, 3, 12, 5], "texture": "#0", "cullface": "east"},
                "south": {"uv": [3, 3, 4, 5], "texture": "#0", "cullface": "east"},
                "west": {"uv": [3, 3, 12, 5], "texture": "#0", "cullface": "east"},
                "up": {"uv": [3, 3, 12, 4], "texture": "#0", "rotation": 90, "cullface": "east"},
                "down": {"uv": [3, 3, 12, 4], "texture": "#0", "rotation": 270, "cullface": "east"}
            },
            "type": "cube"
        },
        {
            "name": "east3",
            "from": [15.5, 11, 3],
            "to": [16.5, 13, 13],
            "faces": {
                "north": {"uv": [3, 3, 4, 5], "texture": "#0", "cullface": "east"},
                "east": {"uv": [3, 3, 13, 5], "texture": "#0", "cullface": "east"},
                "south": {"uv": [3, 3, 4, 5], "texture": "#0", "cullface": "east"},
                "west": {"uv": [3, 3, 13, 5], "texture": "#0", "cullface": "east"},
                "up": {"uv": [3, 3, 13, 4], "texture": "#0", "rotation": 90, "cullface": "east"},
                "down": {"uv": [3, 3, 13, 4], "texture": "#0", "rotation": 270, "cullface": "east"}
            },
            "type": "cube"
        },
        {
            "name": "east4",
            "from": [15.5, 9, 10],
            "to": [16.5, 11, 13],
            "faces": {
                "north": {"uv": [3, 3, 4, 5], "texture": "#0", "cullface": "east"},
                "east": {"uv": [3, 3, 6, 5], "texture": "#0", "cullface": "east"},
                "south": {"uv": [3, 3, 4, 5], "texture": "#0", "cullface": "east"},
                "west": {"uv": [3, 3, 6, 5], "texture": "#0", "cullface": "east"},
                "up": {"uv": [3, 3, 6, 4], "texture": "#0", "rotation": 90, "cullface": "east"},
                "down": {"uv": [3, 3, 6, 4], "texture": "#0", "rotation": 270, "cullface": "east"}
            },
            "type": "cube"
        },
        {
            "name": "east5",
            "from": [15.5, 5, 4],
            "to": [16.5, 7, 6],
            "faces": {
                "north": {"uv": [3, 3, 4, 5], "texture": "#0", "cullface": "east"},
                "east": {"uv": [3, 3, 5, 5], "texture": "#0", "cullface": "east"},
                "south": {"uv": [3, 3, 4, 5], "texture": "#0", "cullface": "east"},
                "west": {"uv": [3, 3, 5, 5], "texture": "#0", "cullface": "east"},
                "up": {"uv": [3, 3, 5, 4], "texture": "#0", "rotation": 90, "cullface": "east"},
                "down": {"uv": [3, 3, 5, 4], "texture": "#0", "rotation": 270, "cullface": "east"}
            },
            "type": "cube"
        },
        {
            "name": "east6",
            "from": [15.5, 4, 3],
            "to": [16.5, 8, 4],
            "faces": {
                "north": {"uv": [3, 3, 4, 7], "texture": "#0", "cullface": "east"},
                "east": {"uv": [3, 3, 4, 7], "texture": "#0", "cullface": "east"},
                "south": {"uv": [3, 3, 4, 7], "texture": "#0", "cullface": "east"},
                "west": {"uv": [3, 3, 4, 7], "texture": "#0", "cullface": "east"},
                "up": {"uv": [3, 3, 4, 4], "texture": "#0", "rotation": 90, "cullface": "east"},
                "down": {"uv": [3, 3, 4, 4], "texture": "#0", "rotation": 270, "cullface": "east"}
            },
            "type": "cube"
        },
        {
            "name": "south1",
            "from": [3, 3, 15.5],
            "to": [12, 5, 16.5],
            "faces": {
                "north": {"uv": [3, 3, 4, 4], "texture": "#0", "cullface": "south"},
                "east": {"uv": [3, 3, 4, 4], "texture": "#0", "cullface": "south"},
                "south": {"uv": [3, 3, 4, 4], "texture": "#0", "cullface": "south"},
                "west": {"uv": [3, 3, 4, 4], "texture": "#0", "cullface": "south"},
                "up": {"uv": [3, 3, 4, 4], "texture": "#0", "rotation": 180, "cullface": "south"},
                "down": {"uv": [3, 3, 4, 4], "texture": "#0", "rotation": 180, "cullface": "south"}
            },
            "type": "cube"
        },
        {
            "name": "south2",
            "from": [3, 7, 15.5],
            "to": [12, 9, 16.5],
            "faces": {
                "north": {"uv": [3, 3, 12, 5], "texture": "#0", "cullface": "south"},
                "east": {"uv": [3, 3, 4, 5], "texture": "#0", "cullface": "south"},
                "south": {"uv": [3, 3, 12, 5], "texture": "#0", "cullface": "south"},
                "west": {"uv": [3, 3, 4, 5], "texture": "#0", "cullface": "south"},
                "up": {"uv": [3, 3, 12, 4], "texture": "#0", "rotation": 180, "cullface": "south"},
                "down": {"uv": [3, 3, 12, 4], "texture": "#0", "rotation": 180, "cullface": "south"}
            },
            "type": "cube"
        },
        {
            "name": "south3",
            "from": [3, 11, 15.5],
            "to": [13, 13, 16.5],
            "faces": {
                "north": {"uv": [3, 3, 13, 5], "texture": "#0", "cullface": "south"},
                "east": {"uv": [3, 3, 4, 5], "texture": "#0", "cullface": "south"},
                "south": {"uv": [3, 3, 13, 5], "texture": "#0", "cullface": "south"},
                "west": {"uv": [3, 3, 4, 5], "texture": "#0", "cullface": "south"},
                "up": {"uv": [3, 3, 13, 4], "texture": "#0", "rotation": 180, "cullface": "south"},
                "down": {"uv": [3, 3, 13, 4], "texture": "#0", "rotation": 180, "cullface": "south"}
            },
            "type": "cube"
        },
        {
            "name": "south4",
            "from": [3, 9, 15.5],
            "to": [6, 11, 16.5],
            "faces": {
                "north": {"uv": [3, 3, 6, 5], "texture": "#0", "cullface": "south"},
                "east": {"uv": [3, 3, 4, 5], "texture": "#0", "cullface": "south"},
                "south": {"uv": [3, 3, 6, 5], "texture": "#0", "cullface": "south"},
                "west": {"uv": [3, 3, 4, 5], "texture": "#0", "cullface": "south"},
                "up": {"uv": [3, 3, 6, 4], "texture": "#0", "rotation": 180, "cullface": "south"},
                "down": {"uv": [3, 3, 6, 4], "texture": "#0", "rotation": 180, "cullface": "south"}
            },
            "type": "cube"
        },
        {
            "name": "south5",
            "from": [10, 5, 15.5],
            "to": [12, 7, 16.5],
            "faces": {
                "north": {"uv": [3, 3, 5, 5], "texture": "#0", "cullface": "south"},
                "east": {"uv": [3, 3, 4, 5], "texture": "#0", "cullface": "south"},
                "south": {"uv": [3, 3, 5, 5], "texture": "#0", "cullface": "south"},
                "west": {"uv": [3, 3, 4, 5], "texture": "#0", "cullface": "south"},
                "up": {"uv": [3, 3, 5, 4], "texture": "#0", "rotation": 180, "cullface": "south"},
                "down": {"uv": [3, 3, 5, 4], "texture": "#0", "rotation": 180, "cullface": "south"}
            },
            "type": "cube"
        },
        {
            "name": "south6",
            "from": [12, 4, 15.5],
            "to": [13, 8, 16.5],
            "faces": {
                "north": {"uv": [3, 3, 4, 7], "texture": "#0", "cullface": "south"},
                "east": {"uv": [3, 3, 4, 7], "texture": "#0", "cullface": "south"},
                "south": {"uv": [3, 3, 4, 7], "texture": "#0", "cullface": "south"},
                "west": {"uv": [3, 3, 4, 7], "texture": "#0", "cullface": "south"},
                "up": {"uv": [3, 3, 4, 4], "texture": "#0", "rotation": 180, "cullface": "south"},
                "down": {"uv": [3, 3, 4, 4], "texture": "#0", "rotation": 180, "cullface": "south"}
            },
            "type": "cube"
        },
        {
            "name": "west1",
            "from": [-0.5, 3, 3],
            "to": [0.5, 5, 12],
            "faces": {
                "north": {"uv": [3, 3, 4, 4], "texture": "#0", "cullface": "west"},
                "east": {"uv": [3, 3, 4, 4], "texture": "#0", "cullface": "west"},
                "south": {"uv": [3, 3, 4, 4], "texture": "#0", "cullface": "west"},
                "west": {"uv": [3, 3, 4, 4], "texture": "#0", "cullface": "west"},
                "up": {"uv": [3, 3, 4, 4], "texture": "#0", "rotation": 270, "cullface": "west"},
                "down": {"uv": [3, 3, 4, 4], "texture": "#0", "rotation": 90, "cullface": "west"}
            },
            "type": "cube"
        },
        {
            "name": "west2",
            "from": [-0.5, 7, 3],
            "to": [0.5, 9, 12],
            "faces": {
                "north": {"uv": [3, 3, 4, 5], "texture": "#0", "cullface": "west"},
                "east": {"uv": [3, 3, 12, 5], "texture": "#0", "cullface": "west"},
                "south": {"uv": [3, 3, 4, 5], "texture": "#0", "cullface": "west"},
                "west": {"uv": [3, 3, 12, 5], "texture": "#0", "cullface": "west"},
                "up": {"uv": [3, 3, 12, 4], "texture": "#0", "rotation": 270, "cullface": "west"},
                "down": {"uv": [3, 3, 12, 4], "texture": "#0", "rotation": 90, "cullface": "west"}
            },
            "type": "cube"
        },
        {
            "name": "west3",
            "from": [-0.5, 11, 3],
            "to": [0.5, 13, 13],
            "faces": {
                "north": {"uv": [3, 3, 4, 5], "texture": "#0", "cullface": "west"},
                "east": {"uv": [3, 3, 13, 5], "texture": "#0", "cullface": "west"},
                "south": {"uv": [3, 3, 4, 5], "texture": "#0", "cullface": "west"},
                "west": {"uv": [3, 3, 13, 5], "texture": "#0", "cullface": "west"},
                "up": {"uv": [3, 3, 13, 4], "texture": "#0", "rotation": 270, "cullface": "west"},
                "down": {"uv": [3, 3, 13, 4], "texture": "#0", "rotation": 90, "cullface": "west"}
            },
            "type": "cube"
        },
        {
            "name": "west4",
            "from": [-0.5, 9, 3],
            "to": [0.5, 11, 6],
            "faces": {
                "north": {"uv": [3, 3, 4, 5], "texture": "#0", "cullface": "west"},
                "east": {"uv": [3, 3, 6, 5], "texture": "#0", "cullface": "west"},
                "south": {"uv": [3, 3, 4, 5], "texture": "#0", "cullface": "west"},
                "west": {"uv": [3, 3, 6, 5], "texture": "#0", "cullface": "west"},
                "up": {"uv": [3, 3, 6, 4], "texture": "#0", "rotation": 270, "cullface": "west"},
                "down": {"uv": [3, 3, 6, 4], "texture": "#0", "rotation": 90, "cullface": "west"}
            },
            "type": "cube"
        },
        {
            "name": "west5",
            "from": [-0.5, 5, 10],
            "to": [0.5, 7, 12],
            "faces": {
                "north": {"uv": [3, 3, 4, 5], "texture": "#0", "cullface": "west"},
                "east": {"uv": [3, 3, 5, 5], "texture": "#0", "cullface": "west"},
                "south": {"uv": [3, 3, 4, 5], "texture": "#0", "cullface": "west"},
                "west": {"uv": [3, 3, 5, 5], "texture": "#0", "cullface": "west"},
                "up": {"uv": [3, 3, 5, 4], "texture": "#0", "rotation": 270, "cullface": "west"},
                "down": {"uv": [3, 3, 5, 4], "texture": "#0", "rotation": 90, "cullface": "west"}
            },
            "type": "cube"
        },
        {
            "name": "west6",
            "from": [-0.5, 4, 12],
            "to": [0.5, 8, 13],
            "faces": {
                "north": {"uv": [3, 3, 4, 7], "texture": "#0", "cullface": "west"},
                "east": {"uv": [3, 3, 4, 7], "texture": "#0", "cullface": "west"},
                "south": {"uv": [3, 3, 4, 7], "texture": "#0", "cullface": "west"},
                "west": {"uv": [3, 3, 4, 7], "texture": "#0", "cullface": "west"},
                "up": {"uv": [3, 3, 4, 4], "texture": "#0", "rotation": 270, "cullface": "west"},
                "down": {"uv": [3, 3, 4, 4], "texture": "#0", "rotation": 90, "cullface": "west"}
            },
            "type": "cube"
        },
        {
            "name": "up1",
            "from": [3, 15.5, 11],
            "to": [12, 16.5, 13],
            "faces": {
                "north": {"uv": [3, 3, 4, 4], "texture": "#0", "cullface": "up"},
                "east": {"uv": [3, 3, 4, 4], "texture": "#0", "rotation": 90, "cullface": "up"},
                "south": {"uv": [3, 3, 4, 4], "texture": "#0", "rotation": 180, "cullface": "up"},
                "west": {"uv": [3, 3, 4, 4], "texture": "#0", "rotation": 270, "cullface": "up"},
                "up": {"uv": [3, 3, 4, 4], "texture": "#0", "cullface": "up"},
                "down": {"uv": [3, 3, 4, 4], "texture": "#0", "rotation": 180, "cullface": "up"}
            },
            "type": "cube"
        },
        {
            "name": "up2",
            "from": [3, 15.5, 7],
            "to": [12, 16.5, 9],
            "faces": {
                "north": {"uv": [3, 3, 12, 4], "texture": "#0", "cullface": "up"},
                "east": {"uv": [3, 3, 4, 5], "texture": "#0", "rotation": 90, "cullface": "up"},
                "south": {"uv": [3, 3, 12, 4], "texture": "#0", "rotation": 180, "cullface": "up"},
                "west": {"uv": [3, 3, 4, 5], "texture": "#0", "rotation": 270, "cullface": "up"},
                "up": {"uv": [3, 3, 12, 5], "texture": "#0", "cullface": "up"},
                "down": {"uv": [3, 3, 12, 5], "texture": "#0", "rotation": 180, "cullface": "up"}
            },
            "type": "cube"
        },
        {
            "name": "up3",
            "from": [3, 15.5, 3],
            "to": [13, 16.5, 5],
            "faces": {
                "north": {"uv": [3, 3, 13, 4], "texture": "#0", "cullface": "up"},
                "east": {"uv": [3, 3, 4, 5], "texture": "#0", "rotation": 90, "cullface": "up"},
                "south": {"uv": [3, 3, 13, 4], "texture": "#0", "rotation": 180, "cullface": "up"},
                "west": {"uv": [3, 3, 4, 5], "texture": "#0", "rotation": 270, "cullface": "up"},
                "up": {"uv": [3, 3, 13, 5], "texture": "#0", "cullface": "up"},
                "down": {"uv": [3, 3, 13, 5], "texture": "#0", "rotation": 180, "cullface": "up"}
            },
            "type": "cube"
        },
        {
            "name": "up4",
            "from": [3, 15.5, 5],
            "to": [6, 16.5, 7],
            "faces": {
                "north": {"uv": [3, 3, 6, 4], "texture": "#0", "cullface": "up"},
                "east": {"uv": [3, 3, 4, 5], "texture": "#0", "rotation": 90, "cullface": "up"},
                "south": {"uv": [3, 3, 6, 4], "texture": "#0", "rotation": 180, "cullface": "up"},
                "west": {"uv": [3, 3, 4, 5], "texture": "#0", "rotation": 270, "cullface": "up"},
                "up": {"uv": [3, 3, 6, 5], "texture": "#0", "cullface": "up"},
                "down": {"uv": [3, 3, 6, 5], "texture": "#0", "rotation": 180, "cullface": "up"}
            },
            "type": "cube"
        },
        {
            "name": "up5",
            "from": [10, 15.5, 9],
            "to": [12, 16.5, 11],
            "faces": {
                "north": {"uv": [3, 3, 5, 4], "texture": "#0", "cullface": "up"},
                "east": {"uv": [3, 3, 4, 5], "texture": "#0", "rotation": 90, "cullface": "up"},
                "south": {"uv": [3, 3, 5, 4], "texture": "#0", "rotation": 180, "cullface": "up"},
                "west": {"uv": [3, 3, 4, 5], "texture": "#0", "rotation": 270, "cullface": "up"},
                "up": {"uv": [3, 3, 5, 5], "texture": "#0", "cullface": "up"},
                "down": {"uv": [3, 3, 5, 5], "texture": "#0", "rotation": 180, "cullface": "up"}
            },
            "type": "cube"
        },
        {
            "name": "up6",
            "from": [12, 15.5, 8],
            "to": [13, 16.5, 12],
            "faces": {
                "north": {"uv": [3, 3, 4, 4], "texture": "#0", "cullface": "up"},
                "east": {"uv": [3, 3, 4, 7], "texture": "#0", "rotation": 90, "cullface": "up"},
                "south": {"uv": [3, 3, 4, 4], "texture": "#0", "rotation": 180, "cullface": "up"},
                "west": {"uv": [3, 3, 4, 7], "texture": "#0", "rotation": 270, "cullface": "up"},
                "up": {"uv": [3, 3, 4, 7], "texture": "#0", "cullface": "up"},
                "down": {"uv": [3, 3, 4, 7], "texture": "#0", "rotation": 180, "cullface": "up"}
            },
            "type": "cube"
        },
        {
            "name": "down1",
            "from": [3, -0.5, 3],
            "to": [12, 0.5, 5],
            "faces": {
                "north": {"uv": [3, 3, 4, 4], "texture": "#0", "cullface": "down"},
                "east": {"uv": [3, 3, 4, 4], "texture": "#0", "rotation": 270, "cullface": "down"},
                "south": {"uv": [3, 3, 4, 4], "texture": "#0", "rotation": 180, "cullface": "down"},
                "west": {"uv": [3, 3, 4, 4], "texture": "#0", "rotation": 90, "cullface": "down"},
                "up": {"uv": [3, 3, 4, 4], "texture": "#0", "rotation": 180, "cullface": "down"},
                "down": {"uv": [3, 3, 4, 4], "texture": "#0", "cullface": "down"}
            },
            "type": "cube"
        },
        {
            "name": "down2",
            "from": [3, -0.5, 7],
            "to": [12, 0.5, 9],
            "faces": {
                "north": {"uv": [3, 3, 12, 4], "texture": "#0", "cullface": "down"},
                "east": {"uv": [3, 3, 4, 5], "texture": "#0", "rotation": 270, "cullface": "down"},
                "south": {"uv": [3, 3, 12, 4], "texture": "#0", "rotation": 180, "cullface": "down"},
                "west": {"uv": [3, 3, 4, 5], "texture": "#0", "rotation": 90, "cullface": "down"},
                "up": {"uv": [3, 3, 12, 5], "texture": "#0", "rotation": 180, "cullface": "down"},
                "down": {"uv": [3, 3, 12, 5], "texture": "#0", "cullface": "down"}
            },
            "type": "cube"
        },
        {
            "name": "down3",
            "from": [3, -0.5, 11],
            "to": [13, 0.5, 13],
            "faces": {
                "north": {"uv": [3, 3, 13, 4], "texture": "#0", "cullface": "down"},
                "east": {"uv": [3, 3, 4, 5], "texture": "#0", "rotation": 270, "cullface": "down"},
                "south": {"uv": [3, 3, 13, 4], "texture": "#0", "rotation": 180, "cullface": "down"},
                "west": {"uv": [3, 3, 4, 5], "texture": "#0", "rotation": 90, "cullface": "down"},
                "up": {"uv": [3, 3, 13, 5], "texture": "#0", "rotation": 180, "cullface": "down"},
                "down": {"uv": [3, 3, 13, 5], "texture": "#0", "cullface": "down"}
            },
            "type": "cube"
        },
        {
            "name": "down4",
            "from": [3, -0.5, 9],
            "to": [6, 0.5, 11],
            "faces": {
                "north": {"uv": [3, 3, 6, 4], "texture": "#0", "cullface": "down"},
                "east": {"uv": [3, 3, 4, 5], "texture": "#0", "rotation": 270, "cullface": "down"},
                "south": {"uv": [3, 3, 6, 4], "texture": "#0", "rotation": 180, "cullface": "down"},
                "west": {"uv": [3, 3, 4, 5], "texture": "#0", "rotation": 90, "cullface": "down"},
                "up": {"uv": [3, 3, 6, 5], "texture": "#0", "rotation": 180, "cullface": "down"},
                "down": {"uv": [3, 3, 6, 5], "texture": "#0", "cullface": "down"}
            },
            "type": "cube"
        },
        {
            "name": "down5",
            "from": [10, -0.5, 5],
            "to": [12, 0.5, 7],
            "faces": {
                "north": {"uv": [3, 3, 5, 4], "texture": "#0", "cullface": "down"},
                "east": {"uv": [3, 3, 4, 5], "texture": "#0", "rotation": 270, "cullface": "down"},
                "south": {"uv": [3, 3, 5, 4], "texture": "#0", "rotation": 180, "cullface": "down"},
                "west": {"uv": [3, 3, 4, 5], "texture": "#0", "rotation": 90, "cullface": "down"},
                "up": {"uv": [3, 3, 5, 5], "texture": "#0", "rotation": 180, "cullface": "down"},
                "down": {"uv": [3, 3, 5, 5], "texture": "#0", "cullface": "down"}
            },
            "type": "cube"
        },
        {
            "name": "down6",
            "from": [12, -0.5, 4],
            "to": [13, 0.5, 8],
            "faces": {
                "north": {"uv": [3, 3, 4, 4], "texture": "#0", "cullface": "down"},
                "east": {"uv": [3, 3, 4, 7], "texture": "#0", "rotation": 270, "cullface": "down"},
                "south": {"uv": [3, 3, 4, 4], "texture": "#0", "rotation": 180, "cullface": "down"},
                "west": {"uv": [3, 3, 4, 7], "texture": "#0", "rotation": 90, "cullface": "down"},
                "up": {"uv": [3, 3, 4, 7], "texture": "#0", "rotation": 180, "cullface": "down"},
                "down": {"uv": [3, 3, 4, 7], "texture": "#0", "cullface": "down"}
            },
            "type": "cube"
        }
    ],
    "groups": [
        0,
        {
            "name": "north",
            "isOpen": false,
            "display": {"visibility": true, "autouv": true},
            "children": [1, 2, 3, 4, 5, 6]
        },
        {
            "name": "east",
            "isOpen": false,
            "display": {"visibility": true, "autouv": true},
            "children": [7, 8, 9, 10, 11, 12]
        },
        {
            "name": "south",
            "isOpen": false,
            "display": {"visibility": true, "autouv": true},
            "children": [13, 14, 15, 16, 17, 18]
        },
        {
            "name": "west",
            "isOpen": false,
            "display": {"visibility": true, "autouv": true},
            "children": [19, 20, 21, 22, 23, 24]
        },
        {
            "name": "up",
            "isOpen": false,
            "display": {"visibility": true, "autouv": true},
            "children": [25, 26, 27, 28, 29, 30]
        },
        {
            "name": "down",
            "isOpen": false,
            "display": {"visibility": true, "autouv": true},
            "children": [31, 32, 33, 34, 35, 36]
        }
    ]
}
