﻿{
    "ambientocclusion": false,
    "textures": {"particle": "block/destroy_stage_0", "0": "block/purple_wool"},
    "elements": [
        {
            "name": "main",
            "from": [0, 0, 0],
            "to": [16, 16, 16],
            "faces": {
                "north": {"uv": [0, 0, 16, 16], "texture": "#0", "cullface": "north"},
                "east": {"uv": [0, 0, 16, 16], "texture": "#0", "cullface": "east"},
                "south": {"uv": [0, 0, 16, 16], "texture": "#0", "cullface": "south"},
                "west": {"uv": [0, 0, 16, 16], "texture": "#0", "cullface": "west"},
                "up": {"uv": [0, 0, 16, 16], "texture": "#0", "cullface": "up"},
                "down": {"uv": [0, 0, 16, 16], "texture": "#0", "cullface": "down"}
            },
            "type": "cube"
        },
        {
            "name": "top1",
            "from": [4, 15.5, 11],
            "to": [12, 16.5, 13],
            "faces": {
                "north": {"uv": [4, 11, 12, 12], "texture": "#0", "cullface": "up"},
                "east": {"uv": [7, 10, 9, 11], "texture": "#0", "cullface": "up"},
                "south": {"uv": [4, 12, 12, 13], "texture": "#0", "cullface": "up"},
                "west": {"uv": [6, 12, 8, 13], "texture": "#0", "cullface": "up"},
                "up": {"uv": [4, 11, 12, 13], "texture": "#0", "cullface": "up"},
                "down": {"uv": [4, 11, 12, 13], "texture": "#0", "cullface": "up"}
            },
            "type": "cube"
        },
        {
            "name": "top2",
            "from": [6, 15.5, 10],
            "to": [10, 16.5, 11],
            "faces": {
                "north": {"uv": [6, 10, 10, 11], "texture": "#0", "cullface": "up"},
                "east": {"uv": [9, 10, 10, 11], "texture": "#0", "cullface": "up"},
                "south": {"uv": [6, 10, 10, 11], "texture": "#0", "cullface": "up"},
                "west": {"uv": [6, 10, 7, 11], "texture": "#0", "cullface": "up"},
                "up": {"uv": [6, 10, 10, 11], "texture": "#0", "cullface": "up"},
                "down": {"uv": [6, 10, 10, 11], "texture": "#0", "cullface": "up"}
            },
            "type": "cube"
        },
        {
            "name": "top3",
            "from": [8, 15.5, 8],
            "to": [9, 16.5, 10],
            "faces": {
                "north": {"uv": [8, 8, 9, 9], "texture": "#0", "cullface": "up"},
                "east": {"uv": [7, 10, 9, 11], "texture": "#0", "cullface": "up"},
                "south": {"uv": [8, 9, 9, 10], "texture": "#0", "cullface": "up"},
                "west": {"uv": [7, 10, 9, 11], "texture": "#0", "cullface": "up"},
                "up": {"uv": [8, 8, 9, 10], "texture": "#0", "cullface": "up"},
                "down": {"uv": [8, 8, 9, 10], "texture": "#0", "cullface": "up"}
            },
            "type": "cube"
        },
        {
            "name": "top4",
            "from": [7, 15.5, 3],
            "to": [9, 16.5, 8],
            "faces": {
                "north": {"uv": [7, 3, 9, 4], "texture": "#0", "cullface": "up"},
                "east": {"uv": [4, 5, 9, 6], "texture": "#0", "cullface": "up"},
                "south": {"uv": [7, 3, 9, 4], "texture": "#0", "cullface": "up"},
                "west": {"uv": [4, 5, 9, 6], "texture": "#0", "cullface": "up"},
                "up": {"uv": [7, 3, 9, 8], "texture": "#0", "cullface": "up"},
                "down": {"uv": [7, 3, 9, 8], "texture": "#0", "cullface": "up"}
            },
            "type": "cube"
        },
        {
            "name": "top5",
            "from": [5, 15.5, 4],
            "to": [7, 16.5, 7],
            "faces": {
                "north": {"uv": [5, 4, 7, 5], "texture": "#0", "cullface": "up"},
                "east": {"uv": [6, 5, 9, 6], "texture": "#0", "cullface": "up"},
                "south": {"uv": [5, 5, 7, 6], "texture": "#0", "cullface": "up"},
                "west": {"uv": [5, 4, 8, 5], "texture": "#0", "cullface": "up"},
                "up": {"uv": [5, 4, 7, 7], "texture": "#0", "cullface": "up"},
                "down": {"uv": [5, 4, 7, 7], "texture": "#0", "cullface": "up"}
            },
            "type": "cube"
        },
        {
            "name": "top6",
            "from": [4, 15.5, 5],
            "to": [5, 16.5, 6],
            "faces": {
                "north": {"uv": [5, 5, 6, 6], "texture": "#0", "cullface": "up"},
                "east": {"uv": [5, 5, 6, 6], "texture": "#0", "cullface": "up"},
                "south": {"uv": [5, 5, 6, 6], "texture": "#0", "cullface": "up"},
                "west": {"uv": [5, 5, 6, 6], "texture": "#0", "cullface": "up"},
                "up": {"uv": [5, 5, 6, 6], "texture": "#0", "cullface": "up"},
                "down": {"uv": [5, 5, 6, 6], "texture": "#0", "cullface": "up"}
            },
            "type": "cube"
        },
        {
            "name": "down1",
            "from": [4, -0.5, 3],
            "to": [12, 0.5, 5],
            "faces": {
                "north": {"uv": [4, 11, 12, 12], "texture": "#0", "cullface": "down"},
                "east": {"uv": [7, 10, 9, 11], "texture": "#0", "cullface": "down"},
                "south": {"uv": [4, 12, 12, 13], "texture": "#0", "cullface": "down"},
                "west": {"uv": [6, 12, 8, 13], "texture": "#0", "cullface": "down"},
                "up": {"uv": [4, 11, 12, 13], "texture": "#0", "cullface": "down"},
                "down": {"uv": [4, 11, 12, 13], "texture": "#0", "cullface": "down"}
            },
            "type": "cube"
        },
        {
            "name": "down2",
            "from": [6, -0.5, 5],
            "to": [10, 0.5, 6],
            "faces": {
                "north": {"uv": [6, 10, 10, 11], "texture": "#0", "cullface": "down"},
                "east": {"uv": [9, 10, 10, 11], "texture": "#0", "cullface": "down"},
                "south": {"uv": [6, 10, 10, 11], "texture": "#0", "cullface": "down"},
                "west": {"uv": [6, 10, 7, 11], "texture": "#0", "cullface": "down"},
                "up": {"uv": [6, 10, 10, 11], "texture": "#0", "cullface": "down"},
                "down": {"uv": [6, 10, 10, 11], "texture": "#0", "cullface": "down"}
            },
            "type": "cube"
        },
        {
            "name": "down3",
            "from": [8, -0.5, 6],
            "to": [9, 0.5, 8],
            "faces": {
                "north": {"uv": [8, 8, 9, 9], "texture": "#0", "cullface": "down"},
                "east": {"uv": [7, 10, 9, 11], "texture": "#0", "cullface": "down"},
                "south": {"uv": [8, 9, 9, 10], "texture": "#0", "cullface": "down"},
                "west": {"uv": [7, 10, 9, 11], "texture": "#0", "cullface": "down"},
                "up": {"uv": [8, 8, 9, 10], "texture": "#0", "cullface": "down"},
                "down": {"uv": [8, 8, 9, 10], "texture": "#0", "cullface": "down"}
            },
            "type": "cube"
        },
        {
            "name": "down4",
            "from": [7, -0.5, 8],
            "to": [9, 0.5, 13],
            "faces": {
                "north": {"uv": [7, 3, 9, 4], "texture": "#0", "cullface": "down"},
                "east": {"uv": [4, 5, 9, 6], "texture": "#0", "cullface": "down"},
                "south": {"uv": [7, 3, 9, 4], "texture": "#0", "cullface": "down"},
                "west": {"uv": [4, 5, 9, 6], "texture": "#0", "cullface": "down"},
                "up": {"uv": [7, 3, 9, 8], "texture": "#0", "cullface": "down"},
                "down": {"uv": [7, 3, 9, 8], "texture": "#0", "cullface": "down"}
            },
            "type": "cube"
        },
        {
            "name": "down5",
            "from": [5, -0.5, 9],
            "to": [7, 0.5, 12],
            "faces": {
                "north": {"uv": [5, 4, 7, 5], "texture": "#0", "cullface": "down"},
                "east": {"uv": [6, 5, 9, 6], "texture": "#0", "cullface": "down"},
                "south": {"uv": [5, 5, 7, 6], "texture": "#0", "cullface": "down"},
                "west": {"uv": [5, 4, 8, 5], "texture": "#0", "cullface": "down"},
                "up": {"uv": [5, 4, 7, 7], "texture": "#0", "cullface": "down"},
                "down": {"uv": [5, 4, 7, 7], "texture": "#0", "cullface": "down"}
            },
            "type": "cube"
        },
        {
            "name": "down6",
            "from": [4, -0.5, 10],
            "to": [5, 0.5, 11],
            "faces": {
                "north": {"uv": [5, 5, 6, 6], "texture": "#0", "cullface": "down"},
                "east": {"uv": [5, 5, 6, 6], "texture": "#0", "cullface": "down"},
                "south": {"uv": [5, 5, 6, 6], "texture": "#0", "cullface": "down"},
                "west": {"uv": [5, 5, 6, 6], "texture": "#0", "cullface": "down"},
                "up": {"uv": [5, 5, 6, 6], "texture": "#0", "cullface": "down"},
                "down": {"uv": [5, 5, 6, 6], "texture": "#0", "cullface": "down"}
            },
            "type": "cube"
        },
        {
            "name": "north1",
            "from": [4, 3, -0.5],
            "to": [12, 5, 0.5],
            "faces": {
                "north": {"uv": [4, 11, 12, 13], "texture": "#0", "cullface": "north"},
                "east": {"uv": [7, 10, 8, 12], "texture": "#0", "cullface": "north"},
                "south": {"uv": [4, 11, 12, 13], "texture": "#0", "cullface": "north"},
                "west": {"uv": [6, 10, 7, 12], "texture": "#0", "cullface": "north"},
                "up": {"uv": [4, 11, 12, 12], "texture": "#0", "cullface": "north"},
                "down": {"uv": [4, 11, 12, 12], "texture": "#0", "cullface": "north"}
            },
            "type": "cube"
        },
        {
            "name": "north2",
            "from": [6, 5, -0.5],
            "to": [10, 6, 0.5],
            "faces": {
                "north": {"uv": [6, 10, 10, 11], "texture": "#0", "cullface": "north"},
                "east": {"uv": [9, 10, 10, 11], "texture": "#0", "cullface": "north"},
                "south": {"uv": [6, 10, 10, 11], "texture": "#0", "cullface": "north"},
                "west": {"uv": [6, 10, 7, 11], "texture": "#0", "cullface": "north"},
                "up": {"uv": [6, 10, 10, 11], "texture": "#0", "cullface": "north"},
                "down": {"uv": [6, 10, 10, 11], "texture": "#0", "cullface": "north"}
            },
            "type": "cube"
        },
        {
            "name": "north3",
            "from": [7, 6, -0.5],
            "to": [8, 8, 0.5],
            "faces": {
                "north": {"uv": [8, 8, 9, 10], "texture": "#0", "cullface": "north"},
                "east": {"uv": [7, 10, 8, 12], "texture": "#0", "cullface": "north"},
                "south": {"uv": [8, 9, 9, 11], "texture": "#0", "cullface": "north"},
                "west": {"uv": [7, 10, 8, 12], "texture": "#0", "cullface": "north"},
                "up": {"uv": [8, 8, 9, 9], "texture": "#0", "cullface": "north"},
                "down": {"uv": [8, 8, 9, 9], "texture": "#0", "cullface": "north"}
            },
            "type": "cube"
        },
        {
            "name": "north4",
            "from": [7, 8, -0.5],
            "to": [9, 13, 0.5],
            "faces": {
                "north": {"uv": [7, 3, 9, 8], "texture": "#0", "cullface": "north"},
                "east": {"uv": [7, 3, 8, 8], "texture": "#0", "cullface": "north"},
                "south": {"uv": [7, 3, 9, 8], "texture": "#0", "cullface": "north"},
                "west": {"uv": [8, 3, 9, 8], "texture": "#0", "cullface": "north"},
                "up": {"uv": [7, 3, 9, 4], "texture": "#0", "cullface": "north"},
                "down": {"uv": [7, 3, 9, 4], "texture": "#0", "cullface": "north"}
            },
            "type": "cube"
        },
        {
            "name": "north5",
            "from": [9, 9, -0.5],
            "to": [11, 12, 0.5],
            "faces": {
                "north": {"uv": [5, 4, 7, 7], "texture": "#0", "cullface": "north"},
                "east": {"uv": [6, 4, 7, 7], "texture": "#0", "cullface": "north"},
                "south": {"uv": [5, 4, 7, 7], "texture": "#0", "cullface": "north"},
                "west": {"uv": [5, 4, 6, 7], "texture": "#0", "cullface": "north"},
                "up": {"uv": [5, 4, 7, 5], "texture": "#0", "cullface": "north"},
                "down": {"uv": [5, 4, 7, 5], "texture": "#0", "cullface": "north"}
            },
            "type": "cube"
        },
        {
            "name": "north6",
            "from": [11, 10, -0.5],
            "to": [12, 11, 0.5],
            "faces": {
                "north": {"uv": [5, 5, 6, 6], "texture": "#0", "cullface": "north"},
                "east": {"uv": [5, 5, 6, 6], "texture": "#0", "cullface": "north"},
                "south": {"uv": [5, 5, 6, 6], "texture": "#0", "cullface": "north"},
                "west": {"uv": [5, 5, 6, 6], "texture": "#0", "cullface": "north"},
                "up": {"uv": [5, 5, 6, 6], "texture": "#0", "cullface": "north"},
                "down": {"uv": [5, 5, 6, 6], "texture": "#0", "cullface": "north"}
            },
            "type": "cube"
        },
        {
            "name": "south1",
            "from": [4, 3, 15.5],
            "to": [12, 5, 16.5],
            "faces": {
                "north": {"uv": [4, 11, 12, 13], "texture": "#0", "cullface": "south"},
                "east": {"uv": [7, 10, 8, 12], "texture": "#0", "cullface": "south"},
                "south": {"uv": [4, 11, 12, 13], "texture": "#0", "cullface": "south"},
                "west": {"uv": [6, 10, 7, 12], "texture": "#0", "cullface": "south"},
                "up": {"uv": [4, 11, 12, 12], "texture": "#0", "cullface": "south"},
                "down": {"uv": [4, 11, 12, 12], "texture": "#0", "cullface": "south"}
            },
            "type": "cube"
        },
        {
            "name": "south2",
            "from": [6, 5, 15.5],
            "to": [10, 6, 16.5],
            "faces": {
                "north": {"uv": [6, 10, 10, 11], "texture": "#0", "cullface": "south"},
                "east": {"uv": [9, 10, 10, 11], "texture": "#0", "cullface": "south"},
                "south": {"uv": [6, 10, 10, 11], "texture": "#0", "cullface": "south"},
                "west": {"uv": [6, 10, 7, 11], "texture": "#0", "cullface": "south"},
                "up": {"uv": [6, 10, 10, 11], "texture": "#0", "cullface": "south"},
                "down": {"uv": [6, 10, 10, 11], "texture": "#0", "cullface": "south"}
            },
            "type": "cube"
        },
        {
            "name": "south3",
            "from": [8, 6, 15.5],
            "to": [9, 8, 16.5],
            "faces": {
                "north": {"uv": [8, 8, 9, 10], "texture": "#0", "cullface": "south"},
                "east": {"uv": [7, 10, 8, 12], "texture": "#0", "cullface": "south"},
                "south": {"uv": [8, 9, 9, 11], "texture": "#0", "cullface": "south"},
                "west": {"uv": [7, 10, 8, 12], "texture": "#0", "cullface": "south"},
                "up": {"uv": [8, 8, 9, 9], "texture": "#0", "cullface": "south"},
                "down": {"uv": [8, 8, 9, 9], "texture": "#0", "cullface": "south"}
            },
            "type": "cube"
        },
        {
            "name": "south4",
            "from": [7, 8, 15.5],
            "to": [9, 13, 16.5],
            "faces": {
                "north": {"uv": [7, 3, 9, 8], "texture": "#0", "cullface": "south"},
                "east": {"uv": [7, 3, 8, 8], "texture": "#0", "cullface": "south"},
                "south": {"uv": [7, 3, 9, 8], "texture": "#0", "cullface": "south"},
                "west": {"uv": [8, 3, 9, 8], "texture": "#0", "cullface": "south"},
                "up": {"uv": [7, 3, 9, 4], "texture": "#0", "cullface": "south"},
                "down": {"uv": [7, 3, 9, 4], "texture": "#0", "cullface": "south"}
            },
            "type": "cube"
        },
        {
            "name": "south5",
            "from": [5, 9, 15.5],
            "to": [7, 12, 16.5],
            "faces": {
                "north": {"uv": [5, 4, 7, 7], "texture": "#0", "cullface": "south"},
                "east": {"uv": [6, 4, 7, 7], "texture": "#0", "cullface": "south"},
                "south": {"uv": [5, 4, 7, 7], "texture": "#0", "cullface": "south"},
                "west": {"uv": [5, 4, 6, 7], "texture": "#0", "cullface": "south"},
                "up": {"uv": [5, 4, 7, 5], "texture": "#0", "cullface": "south"},
                "down": {"uv": [5, 4, 7, 5], "texture": "#0", "cullface": "south"}
            },
            "type": "cube"
        },
        {
            "name": "south6",
            "from": [4, 10, 15.5],
            "to": [5, 11, 16.5],
            "faces": {
                "north": {"uv": [5, 5, 6, 6], "texture": "#0", "cullface": "south"},
                "east": {"uv": [5, 5, 6, 6], "texture": "#0", "cullface": "south"},
                "south": {"uv": [5, 5, 6, 6], "texture": "#0", "cullface": "south"},
                "west": {"uv": [5, 5, 6, 6], "texture": "#0", "cullface": "south"},
                "up": {"uv": [5, 5, 6, 6], "texture": "#0", "cullface": "south"},
                "down": {"uv": [5, 5, 6, 6], "texture": "#0", "cullface": "south"}
            },
            "type": "cube"
        },
        {
            "name": "east1",
            "from": [15.5, 3, 4],
            "to": [16.5, 5, 12],
            "faces": {
                "north": {"uv": [4, 11, 5, 13], "texture": "#0", "cullface": "east"},
                "east": {"uv": [4, 11, 12, 13], "texture": "#0", "cullface": "east"},
                "south": {"uv": [4, 11, 5, 13], "texture": "#0", "cullface": "east"},
                "west": {"uv": [4, 11, 12, 13], "texture": "#0", "cullface": "east"},
                "up": {"uv": [8, 9, 9, 13], "texture": "#0", "cullface": "east"},
                "down": {"uv": [8, 8, 9, 13], "texture": "#0", "cullface": "east"}
            },
            "type": "cube"
        },
        {
            "name": "east2",
            "from": [15.5, 5, 6],
            "to": [16.5, 6, 10],
            "faces": {
                "north": {"uv": [6, 10, 7, 11], "texture": "#0", "cullface": "east"},
                "east": {"uv": [6, 10, 10, 11], "texture": "#0", "cullface": "east"},
                "south": {"uv": [6, 10, 7, 11], "texture": "#0", "cullface": "east"},
                "west": {"uv": [6, 10, 10, 11], "texture": "#0", "cullface": "east"},
                "up": {"uv": [8, 8, 9, 12], "texture": "#0", "cullface": "east"},
                "down": {"uv": [8, 8, 9, 12], "texture": "#0", "cullface": "east"}
            },
            "type": "cube"
        },
        {
            "name": "east3",
            "from": [15.5, 6, 7],
            "to": [16.5, 8, 8],
            "faces": {
                "north": {"uv": [8, 8, 9, 10], "texture": "#0", "cullface": "east"},
                "east": {"uv": [7, 10, 8, 12], "texture": "#0", "cullface": "east"},
                "south": {"uv": [8, 9, 9, 11], "texture": "#0", "cullface": "east"},
                "west": {"uv": [7, 10, 8, 12], "texture": "#0", "cullface": "east"},
                "up": {"uv": [8, 8, 9, 9], "texture": "#0", "cullface": "east"},
                "down": {"uv": [8, 8, 9, 9], "texture": "#0", "cullface": "east"}
            },
            "type": "cube"
        },
        {
            "name": "east4",
            "from": [15.5, 8, 7],
            "to": [16.5, 13, 9],
            "faces": {
                "north": {"uv": [7, 3, 8, 8], "texture": "#0", "cullface": "east"},
                "east": {"uv": [7, 3, 9, 8], "texture": "#0", "cullface": "east"},
                "south": {"uv": [7, 3, 8, 8], "texture": "#0", "cullface": "east"},
                "west": {"uv": [7, 3, 9, 8], "texture": "#0", "cullface": "east"},
                "up": {"uv": [7, 3, 8, 5], "texture": "#0", "cullface": "east"},
                "down": {"uv": [7, 3, 8, 5], "texture": "#0", "cullface": "east"}
            },
            "type": "cube"
        },
        {
            "name": "east5",
            "from": [15.5, 9, 9],
            "to": [16.5, 12, 11],
            "faces": {
                "north": {"uv": [5, 4, 6, 7], "texture": "#0", "cullface": "east"},
                "east": {"uv": [6, 4, 8, 7], "texture": "#0", "cullface": "east"},
                "south": {"uv": [5, 4, 6, 7], "texture": "#0", "cullface": "east"},
                "west": {"uv": [5, 4, 7, 7], "texture": "#0", "cullface": "east"},
                "up": {"uv": [5, 4, 6, 6], "texture": "#0", "cullface": "east"},
                "down": {"uv": [5, 4, 6, 6], "texture": "#0", "cullface": "east"}
            },
            "type": "cube"
        },
        {
            "name": "east6",
            "from": [15.5, 10, 11],
            "to": [16.5, 11, 12],
            "faces": {
                "north": {"uv": [5, 5, 6, 6], "texture": "#0", "cullface": "east"},
                "east": {"uv": [5, 5, 6, 6], "texture": "#0", "cullface": "east"},
                "south": {"uv": [5, 5, 6, 6], "texture": "#0", "cullface": "east"},
                "west": {"uv": [5, 5, 6, 6], "texture": "#0", "cullface": "east"},
                "up": {"uv": [5, 5, 6, 6], "texture": "#0", "cullface": "east"},
                "down": {"uv": [5, 5, 6, 6], "texture": "#0", "cullface": "east"}
            },
            "type": "cube"
        },
        {
            "name": "west1",
            "from": [-0.5, 3, 4],
            "to": [0.5, 5, 12],
            "faces": {
                "north": {"uv": [4, 11, 5, 13], "texture": "#0", "cullface": "west"},
                "east": {"uv": [4, 11, 12, 13], "texture": "#0", "cullface": "west"},
                "south": {"uv": [4, 11, 5, 13], "texture": "#0", "cullface": "west"},
                "west": {"uv": [4, 11, 12, 13], "texture": "#0", "cullface": "west"},
                "up": {"uv": [8, 8, 9, 13], "texture": "#0", "cullface": "west"},
                "down": {"uv": [8, 8, 9, 13], "texture": "#0", "cullface": "west"}
            },
            "type": "cube"
        },
        {
            "name": "west2",
            "from": [-0.5, 5, 6],
            "to": [0.5, 6, 10],
            "faces": {
                "north": {"uv": [6, 10, 7, 11], "texture": "#0", "cullface": "west"},
                "east": {"uv": [6, 10, 10, 11], "texture": "#0", "cullface": "west"},
                "south": {"uv": [6, 10, 7, 11], "texture": "#0", "cullface": "west"},
                "west": {"uv": [6, 10, 10, 11], "texture": "#0", "cullface": "west"},
                "up": {"uv": [8, 8, 9, 12], "texture": "#0", "cullface": "west"},
                "down": {"uv": [8, 8, 9, 12], "texture": "#0", "cullface": "west"}
            },
            "type": "cube"
        },
        {
            "name": "west3",
            "from": [-0.5, 6, 7],
            "to": [0.5, 8, 8],
            "faces": {
                "north": {"uv": [8, 8, 9, 10], "texture": "#0", "cullface": "west"},
                "east": {"uv": [7, 10, 8, 12], "texture": "#0", "cullface": "west"},
                "south": {"uv": [8, 9, 9, 11], "texture": "#0", "cullface": "west"},
                "west": {"uv": [7, 10, 8, 12], "texture": "#0", "cullface": "west"},
                "up": {"uv": [8, 8, 9, 9], "texture": "#0", "cullface": "west"},
                "down": {"uv": [8, 8, 9, 9], "texture": "#0", "cullface": "west"}
            },
            "type": "cube"
        },
        {
            "name": "west4",
            "from": [-0.5, 8, 7],
            "to": [0.5, 13, 9],
            "faces": {
                "north": {"uv": [7, 3, 8, 8], "texture": "#0", "cullface": "west"},
                "east": {"uv": [7, 3, 9, 8], "texture": "#0", "cullface": "west"},
                "south": {"uv": [7, 3, 8, 8], "texture": "#0", "cullface": "west"},
                "west": {"uv": [7, 3, 9, 8], "texture": "#0", "cullface": "west"},
                "up": {"uv": [7, 3, 8, 5], "texture": "#0", "cullface": "west"},
                "down": {"uv": [7, 3, 8, 5], "texture": "#0", "cullface": "west"}
            },
            "type": "cube"
        },
        {
            "name": "west5",
            "from": [-0.5, 9, 5],
            "to": [0.5, 12, 7],
            "faces": {
                "north": {"uv": [5, 4, 6, 7], "texture": "#0", "cullface": "west"},
                "east": {"uv": [6, 4, 8, 7], "texture": "#0", "cullface": "west"},
                "south": {"uv": [5, 4, 6, 7], "texture": "#0", "cullface": "west"},
                "west": {"uv": [5, 4, 7, 7], "texture": "#0", "cullface": "west"},
                "up": {"uv": [5, 4, 6, 6], "texture": "#0", "cullface": "west"},
                "down": {"uv": [5, 4, 6, 6], "texture": "#0", "cullface": "west"}
            },
            "type": "cube"
        },
        {
            "name": "west6",
            "from": [-0.5, 10, 4],
            "to": [0.5, 11, 5],
            "faces": {
                "north": {"uv": [5, 5, 6, 6], "texture": "#0", "cullface": "west"},
                "east": {"uv": [5, 5, 6, 6], "texture": "#0", "cullface": "west"},
                "south": {"uv": [5, 5, 6, 6], "texture": "#0", "cullface": "west"},
                "west": {"uv": [5, 5, 6, 6], "texture": "#0", "cullface": "west"},
                "up": {"uv": [5, 5, 6, 6], "texture": "#0", "cullface": "west"},
                "down": {"uv": [5, 5, 6, 6], "texture": "#0", "cullface": "west"}
            },
            "type": "cube"
        }
    ],
    "groups": [
        0,
        {
            "name": "top",
            "isOpen": false,
            "display": {"visibility": true, "autouv": true},
            "children": [1, 2, 3, 4, 5, 6]
        },
        {
            "name": "down",
            "isOpen": false,
            "display": {"visibility": true, "autouv": true},
            "children": [7, 8, 9, 10, 11, 12]
        },
        {
            "name": "north",
            "isOpen": false,
            "display": {"visibility": true, "autouv": true},
            "children": [13, 14, 15, 16, 17, 18]
        },
        {
            "name": "south",
            "isOpen": false,
            "display": {"visibility": true, "autouv": true},
            "children": [19, 20, 21, 22, 23, 24]
        },
        {
            "name": "east",
            "isOpen": false,
            "display": {"visibility": true, "autouv": true},
            "children": [25, 26, 27, 28, 29, 30]
        },
        {
            "name": "west",
            "isOpen": false,
            "display": {"visibility": true, "autouv": true},
            "children": [31, 32, 33, 34, 35, 36]
        }
    ]
}
