{
    "ambientocclusion": false,
    "textures": {"particle": "block/destroy_stage_0", "0": "block/destroy_stage_0"},
    "elements": [
        {
            "name": "main",
            "from": [0, 0, 0],
            "to": [0, 0, 0],
            "faces": {
                "down": {"uv": [1, 1, 1, 1], "texture": "#0"},
                "up": {"uv": [1, 1, 1, 1], "texture": "#0"},
                "north": {"uv": [1, 1, 1, 1], "texture": "#0"},
                "south": {"uv": [1, 1, 1, 1], "texture": "#0"},
                "west": {"uv": [1, 1, 1, 1], "texture": "#0"},
                "east": {"uv": [1, 1, 1, 1], "texture": "#0"}
            },
            "type": "cube"
        }
    ]
}
