﻿{
    "ambientocclusion": false,
    "textures": {"particle": "block/destroy_stage_0", "0": "block/yellow_wool"},
    "elements": [
        {
            "name": "main",
            "from": [0, 0, 0],
            "to": [16, 16, 16],
            "faces": {
                "north": {"uv": [0, 0, 16, 16], "texture": "#0", "cullface": "north"},
                "east": {"uv": [0, 0, 16, 16], "texture": "#0", "cullface": "east"},
                "south": {"uv": [0, 0, 16, 16], "texture": "#0", "cullface": "south"},
                "west": {"uv": [0, 0, 16, 16], "texture": "#0", "cullface": "west"},
                "up": {"uv": [0, 0, 16, 16], "texture": "#0", "cullface": "up"},
                "down": {"uv": [0, 0, 16, 16], "texture": "#0", "cullface": "down"}
            },
            "type": "cube"
        },
        {
            "name": "north1",
            "from": [4, 3, -0.5],
            "to": [7, 13, 0.5],
            "faces": {
                "north": {"uv": [5, 5, 6, 6], "texture": "#0", "cullface": "north"},
                "east": {"uv": [5, 5, 6, 6], "texture": "#0", "cullface": "north"},
                "south": {"uv": [5, 5, 6, 6], "texture": "#0", "cullface": "north"},
                "west": {"uv": [5, 5, 6, 6], "texture": "#0", "cullface": "north"},
                "up": {"uv": [5, 5, 6, 6], "texture": "#0", "cullface": "north"},
                "down": {"uv": [5, 5, 6, 6], "texture": "#0", "cullface": "north"}
            },
            "type": "cube"
        },
        {
            "name": "north2",
            "from": [3, 7, -0.5],
            "to": [4, 9, 0.5],
            "faces": {
                "north": {"uv": [5, 5, 6, 7], "texture": "#0", "cullface": "north"},
                "east": {"uv": [5, 5, 6, 7], "texture": "#0", "cullface": "north"},
                "south": {"uv": [5, 5, 6, 7], "texture": "#0", "cullface": "north"},
                "west": {"uv": [5, 5, 6, 7], "texture": "#0", "cullface": "north"},
                "up": {"uv": [5, 5, 6, 6], "texture": "#0", "cullface": "north"},
                "down": {"uv": [5, 5, 6, 6], "texture": "#0", "cullface": "north"}
            },
            "type": "cube"
        },
        {
            "name": "north3",
            "from": [7, 7, -0.5],
            "to": [13, 9, 0.5],
            "faces": {
                "north": {"uv": [5, 5, 6, 6], "texture": "#0", "cullface": "north"},
                "east": {"uv": [5, 5, 6, 7], "texture": "#0", "cullface": "north"},
                "south": {"uv": [5, 5, 6, 6], "texture": "#0", "cullface": "north"},
                "west": {"uv": [5, 5, 6, 7], "texture": "#0", "cullface": "north"},
                "up": {"uv": [5, 5, 6, 6], "texture": "#0", "cullface": "north"},
                "down": {"uv": [5, 5, 6, 6], "texture": "#0", "cullface": "north"}
            },
            "type": "cube"
        },
        {
            "name": "north4",
            "from": [9, 9, -0.5],
            "to": [12, 11, 0.5],
            "faces": {
                "north": {"uv": [5, 5, 6, 6], "texture": "#0", "cullface": "north"},
                "east": {"uv": [5, 5, 6, 7], "texture": "#0", "cullface": "north"},
                "south": {"uv": [5, 5, 6, 6], "texture": "#0", "cullface": "north"},
                "west": {"uv": [5, 5, 6, 7], "texture": "#0", "cullface": "north"},
                "up": {"uv": [5, 5, 6, 6], "texture": "#0", "cullface": "north"},
                "down": {"uv": [5, 5, 6, 6], "texture": "#0", "cullface": "north"}
            },
            "type": "cube"
        },
        {
            "name": "north5",
            "from": [8, 11, -0.5],
            "to": [11, 13, 0.5],
            "faces": {
                "north": {"uv": [5, 5, 6, 6], "texture": "#0", "cullface": "north"},
                "east": {"uv": [5, 5, 6, 7], "texture": "#0", "cullface": "north"},
                "south": {"uv": [5, 5, 6, 6], "texture": "#0", "cullface": "north"},
                "west": {"uv": [5, 5, 6, 7], "texture": "#0", "cullface": "north"},
                "up": {"uv": [5, 5, 6, 6], "texture": "#0", "cullface": "north"},
                "down": {"uv": [5, 5, 6, 6], "texture": "#0", "cullface": "north"}
            },
            "type": "cube"
        },
        {
            "name": "east1",
            "from": [15.5, 3, 4],
            "to": [16.5, 13, 7],
            "faces": {
                "north": {"uv": [5, 5, 6, 6], "texture": "#0", "cullface": "east"},
                "east": {"uv": [5, 5, 6, 6], "texture": "#0", "cullface": "east"},
                "south": {"uv": [5, 5, 6, 6], "texture": "#0", "cullface": "east"},
                "west": {"uv": [5, 5, 6, 6], "texture": "#0", "cullface": "east"},
                "up": {"uv": [5, 5, 6, 6], "texture": "#0", "rotation": 90, "cullface": "east"},
                "down": {"uv": [5, 5, 6, 6], "texture": "#0", "rotation": 270, "cullface": "east"}
            },
            "type": "cube"
        },
        {
            "name": "east2",
            "from": [15.5, 7, 3],
            "to": [16.5, 9, 4],
            "faces": {
                "north": {"uv": [5, 5, 6, 7], "texture": "#0", "cullface": "east"},
                "east": {"uv": [5, 5, 6, 7], "texture": "#0", "cullface": "east"},
                "south": {"uv": [5, 5, 6, 7], "texture": "#0", "cullface": "east"},
                "west": {"uv": [5, 5, 6, 7], "texture": "#0", "cullface": "east"},
                "up": {"uv": [5, 5, 6, 6], "texture": "#0", "rotation": 90, "cullface": "east"},
                "down": {"uv": [5, 5, 6, 6], "texture": "#0", "rotation": 270, "cullface": "east"}
            },
            "type": "cube"
        },
        {
            "name": "east3",
            "from": [15.5, 7, 7],
            "to": [16.5, 9, 13],
            "faces": {
                "north": {"uv": [5, 5, 6, 7], "texture": "#0", "cullface": "east"},
                "east": {"uv": [5, 5, 6, 6], "texture": "#0", "cullface": "east"},
                "south": {"uv": [5, 5, 6, 7], "texture": "#0", "cullface": "east"},
                "west": {"uv": [5, 5, 6, 6], "texture": "#0", "cullface": "east"},
                "up": {"uv": [5, 5, 6, 6], "texture": "#0", "rotation": 90, "cullface": "east"},
                "down": {"uv": [5, 5, 6, 6], "texture": "#0", "rotation": 270, "cullface": "east"}
            },
            "type": "cube"
        },
        {
            "name": "east4",
            "from": [15.5, 9, 9],
            "to": [16.5, 11, 12],
            "faces": {
                "north": {"uv": [5, 5, 6, 7], "texture": "#0", "cullface": "east"},
                "east": {"uv": [5, 5, 6, 6], "texture": "#0", "cullface": "east"},
                "south": {"uv": [5, 5, 6, 7], "texture": "#0", "cullface": "east"},
                "west": {"uv": [5, 5, 6, 6], "texture": "#0", "cullface": "east"},
                "up": {"uv": [5, 5, 6, 6], "texture": "#0", "rotation": 90, "cullface": "east"},
                "down": {"uv": [5, 5, 6, 6], "texture": "#0", "rotation": 270, "cullface": "east"}
            },
            "type": "cube"
        },
        {
            "name": "east5",
            "from": [15.5, 11, 8],
            "to": [16.5, 13, 11],
            "faces": {
                "north": {"uv": [5, 5, 6, 7], "texture": "#0", "cullface": "east"},
                "east": {"uv": [5, 5, 6, 6], "texture": "#0", "cullface": "east"},
                "south": {"uv": [5, 5, 6, 7], "texture": "#0", "cullface": "east"},
                "west": {"uv": [5, 5, 6, 6], "texture": "#0", "cullface": "east"},
                "up": {"uv": [5, 5, 6, 6], "texture": "#0", "rotation": 90, "cullface": "east"},
                "down": {"uv": [5, 5, 6, 6], "texture": "#0", "rotation": 270, "cullface": "east"}
            },
            "type": "cube"
        },
        {
            "name": "south1",
            "from": [9, 3, 15.5],
            "to": [12, 13, 16.5],
            "faces": {
                "north": {"uv": [5, 5, 6, 6], "texture": "#0", "cullface": "south"},
                "east": {"uv": [5, 5, 6, 6], "texture": "#0", "cullface": "south"},
                "south": {"uv": [5, 5, 6, 6], "texture": "#0", "cullface": "south"},
                "west": {"uv": [5, 5, 6, 6], "texture": "#0", "cullface": "south"},
                "up": {"uv": [5, 5, 6, 6], "texture": "#0", "rotation": 180, "cullface": "south"},
                "down": {"uv": [5, 5, 6, 6], "texture": "#0", "rotation": 180, "cullface": "south"}
            },
            "type": "cube"
        },
        {
            "name": "south2",
            "from": [12, 7, 15.5],
            "to": [13, 9, 16.5],
            "faces": {
                "north": {"uv": [5, 5, 6, 7], "texture": "#0", "cullface": "south"},
                "east": {"uv": [5, 5, 6, 7], "texture": "#0", "cullface": "south"},
                "south": {"uv": [5, 5, 6, 7], "texture": "#0", "cullface": "south"},
                "west": {"uv": [5, 5, 6, 7], "texture": "#0", "cullface": "south"},
                "up": {"uv": [5, 5, 6, 6], "texture": "#0", "rotation": 180, "cullface": "south"},
                "down": {"uv": [5, 5, 6, 6], "texture": "#0", "rotation": 180, "cullface": "south"}
            },
            "type": "cube"
        },
        {
            "name": "south3",
            "from": [3, 7, 15.5],
            "to": [9, 9, 16.5],
            "faces": {
                "north": {"uv": [5, 5, 6, 6], "texture": "#0", "cullface": "south"},
                "east": {"uv": [5, 5, 6, 7], "texture": "#0", "cullface": "south"},
                "south": {"uv": [5, 5, 6, 6], "texture": "#0", "cullface": "south"},
                "west": {"uv": [5, 5, 6, 7], "texture": "#0", "cullface": "south"},
                "up": {"uv": [5, 5, 6, 6], "texture": "#0", "rotation": 180, "cullface": "south"},
                "down": {"uv": [5, 5, 6, 6], "texture": "#0", "rotation": 180, "cullface": "south"}
            },
            "type": "cube"
        },
        {
            "name": "south4",
            "from": [4, 9, 15.5],
            "to": [7, 11, 16.5],
            "faces": {
                "north": {"uv": [5, 5, 6, 6], "texture": "#0", "cullface": "south"},
                "east": {"uv": [5, 5, 6, 7], "texture": "#0", "cullface": "south"},
                "south": {"uv": [5, 5, 6, 6], "texture": "#0", "cullface": "south"},
                "west": {"uv": [5, 5, 6, 7], "texture": "#0", "cullface": "south"},
                "up": {"uv": [5, 5, 6, 6], "texture": "#0", "rotation": 180, "cullface": "south"},
                "down": {"uv": [5, 5, 6, 6], "texture": "#0", "rotation": 180, "cullface": "south"}
            },
            "type": "cube"
        },
        {
            "name": "south5",
            "from": [5, 11, 15.5],
            "to": [8, 13, 16.5],
            "faces": {
                "north": {"uv": [5, 5, 6, 6], "texture": "#0", "cullface": "south"},
                "east": {"uv": [5, 5, 6, 7], "texture": "#0", "cullface": "south"},
                "south": {"uv": [5, 5, 6, 6], "texture": "#0", "cullface": "south"},
                "west": {"uv": [5, 5, 6, 7], "texture": "#0", "cullface": "south"},
                "up": {"uv": [5, 5, 6, 6], "texture": "#0", "rotation": 180, "cullface": "south"},
                "down": {"uv": [5, 5, 6, 6], "texture": "#0", "rotation": 180, "cullface": "south"}
            },
            "type": "cube"
        },
        {
            "name": "west1",
            "from": [-0.5, 3, 9],
            "to": [0.5, 13, 12],
            "faces": {
                "north": {"uv": [5, 5, 6, 6], "texture": "#0", "cullface": "west"},
                "east": {"uv": [5, 5, 6, 6], "texture": "#0", "cullface": "west"},
                "south": {"uv": [5, 5, 6, 6], "texture": "#0", "cullface": "west"},
                "west": {"uv": [5, 5, 6, 6], "texture": "#0", "cullface": "west"},
                "up": {"uv": [5, 5, 6, 6], "texture": "#0", "rotation": 270, "cullface": "west"},
                "down": {"uv": [5, 5, 6, 6], "texture": "#0", "rotation": 90, "cullface": "west"}
            },
            "type": "cube"
        },
        {
            "name": "west2",
            "from": [-0.5, 7, 12],
            "to": [0.5, 9, 13],
            "faces": {
                "north": {"uv": [5, 5, 6, 7], "texture": "#0", "cullface": "west"},
                "east": {"uv": [5, 5, 6, 7], "texture": "#0", "cullface": "west"},
                "south": {"uv": [5, 5, 6, 7], "texture": "#0", "cullface": "west"},
                "west": {"uv": [5, 5, 6, 7], "texture": "#0", "cullface": "west"},
                "up": {"uv": [5, 5, 6, 6], "texture": "#0", "rotation": 270, "cullface": "west"},
                "down": {"uv": [5, 5, 6, 6], "texture": "#0", "rotation": 90, "cullface": "west"}
            },
            "type": "cube"
        },
        {
            "name": "west3",
            "from": [-0.5, 7, 3],
            "to": [0.5, 9, 9],
            "faces": {
                "north": {"uv": [5, 5, 6, 7], "texture": "#0", "cullface": "west"},
                "east": {"uv": [5, 5, 6, 6], "texture": "#0", "cullface": "west"},
                "south": {"uv": [5, 5, 6, 7], "texture": "#0", "cullface": "west"},
                "west": {"uv": [5, 5, 6, 6], "texture": "#0", "cullface": "west"},
                "up": {"uv": [5, 5, 6, 6], "texture": "#0", "rotation": 270, "cullface": "west"},
                "down": {"uv": [5, 5, 6, 6], "texture": "#0", "rotation": 90, "cullface": "west"}
            },
            "type": "cube"
        },
        {
            "name": "west4",
            "from": [-0.5, 9, 4],
            "to": [0.5, 11, 7],
            "faces": {
                "north": {"uv": [5, 5, 6, 7], "texture": "#0", "cullface": "west"},
                "east": {"uv": [5, 5, 6, 6], "texture": "#0", "cullface": "west"},
                "south": {"uv": [5, 5, 6, 7], "texture": "#0", "cullface": "west"},
                "west": {"uv": [5, 5, 6, 6], "texture": "#0", "cullface": "west"},
                "up": {"uv": [5, 5, 6, 6], "texture": "#0", "rotation": 270, "cullface": "west"},
                "down": {"uv": [5, 5, 6, 6], "texture": "#0", "rotation": 90, "cullface": "west"}
            },
            "type": "cube"
        },
        {
            "name": "west5",
            "from": [-0.5, 11, 5],
            "to": [0.5, 13, 8],
            "faces": {
                "north": {"uv": [5, 5, 6, 7], "texture": "#0", "cullface": "west"},
                "east": {"uv": [5, 5, 6, 6], "texture": "#0", "cullface": "west"},
                "south": {"uv": [5, 5, 6, 7], "texture": "#0", "cullface": "west"},
                "west": {"uv": [5, 5, 6, 6], "texture": "#0", "cullface": "west"},
                "up": {"uv": [5, 5, 6, 6], "texture": "#0", "rotation": 270, "cullface": "west"},
                "down": {"uv": [5, 5, 6, 6], "texture": "#0", "rotation": 90, "cullface": "west"}
            },
            "type": "cube"
        },
        {
            "name": "up1",
            "from": [9, 15.5, 3],
            "to": [12, 16.5, 13],
            "faces": {
                "north": {"uv": [5, 5, 6, 6], "texture": "#0", "cullface": "up"},
                "east": {"uv": [5, 5, 6, 6], "texture": "#0", "rotation": 90, "cullface": "up"},
                "south": {"uv": [5, 5, 6, 6], "texture": "#0", "rotation": 180, "cullface": "up"},
                "west": {"uv": [5, 5, 6, 6], "texture": "#0", "rotation": 270, "cullface": "up"},
                "up": {"uv": [5, 5, 6, 6], "texture": "#0", "cullface": "up"},
                "down": {"uv": [5, 5, 6, 6], "texture": "#0", "rotation": 180, "cullface": "up"}
            },
            "type": "cube"
        },
        {
            "name": "up2",
            "from": [12, 15.5, 7],
            "to": [13, 16.5, 9],
            "faces": {
                "north": {"uv": [5, 5, 6, 6], "texture": "#0", "cullface": "up"},
                "east": {"uv": [5, 5, 6, 7], "texture": "#0", "rotation": 90, "cullface": "up"},
                "south": {"uv": [5, 5, 6, 6], "texture": "#0", "rotation": 180, "cullface": "up"},
                "west": {"uv": [5, 5, 6, 7], "texture": "#0", "rotation": 270, "cullface": "up"},
                "up": {"uv": [5, 5, 6, 7], "texture": "#0", "cullface": "up"},
                "down": {"uv": [5, 5, 6, 7], "texture": "#0", "rotation": 180, "cullface": "up"}
            },
            "type": "cube"
        },
        {
            "name": "up3",
            "from": [3, 15.5, 7],
            "to": [9, 16.5, 9],
            "faces": {
                "north": {"uv": [5, 5, 6, 6], "texture": "#0", "cullface": "up"},
                "east": {"uv": [5, 5, 6, 7], "texture": "#0", "rotation": 90, "cullface": "up"},
                "south": {"uv": [5, 5, 6, 6], "texture": "#0", "rotation": 180, "cullface": "up"},
                "west": {"uv": [5, 5, 6, 7], "texture": "#0", "rotation": 270, "cullface": "up"},
                "up": {"uv": [5, 5, 6, 6], "texture": "#0", "cullface": "up"},
                "down": {"uv": [5, 5, 6, 6], "texture": "#0", "rotation": 180, "cullface": "up"}
            },
            "type": "cube"
        },
        {
            "name": "up4",
            "from": [4, 15.5, 5],
            "to": [7, 16.5, 7],
            "faces": {
                "north": {"uv": [5, 5, 6, 6], "texture": "#0", "cullface": "up"},
                "east": {"uv": [5, 5, 6, 7], "texture": "#0", "rotation": 90, "cullface": "up"},
                "south": {"uv": [5, 5, 6, 6], "texture": "#0", "rotation": 180, "cullface": "up"},
                "west": {"uv": [5, 5, 6, 7], "texture": "#0", "rotation": 270, "cullface": "up"},
                "up": {"uv": [5, 5, 6, 6], "texture": "#0", "cullface": "up"},
                "down": {"uv": [5, 5, 6, 6], "texture": "#0", "rotation": 180, "cullface": "up"}
            },
            "type": "cube"
        },
        {
            "name": "up5",
            "from": [5, 15.5, 3],
            "to": [8, 16.5, 5],
            "faces": {
                "north": {"uv": [5, 5, 6, 6], "texture": "#0", "cullface": "up"},
                "east": {"uv": [5, 5, 6, 7], "texture": "#0", "rotation": 90, "cullface": "up"},
                "south": {"uv": [5, 5, 6, 6], "texture": "#0", "rotation": 180, "cullface": "up"},
                "west": {"uv": [5, 5, 6, 7], "texture": "#0", "rotation": 270, "cullface": "up"},
                "up": {"uv": [5, 5, 6, 6], "texture": "#0", "cullface": "up"},
                "down": {"uv": [5, 5, 6, 6], "texture": "#0", "rotation": 180, "cullface": "up"}
            },
            "type": "cube"
        },
        {
            "name": "down1",
            "from": [9, -0.5, 3],
            "to": [12, 0.5, 13],
            "faces": {
                "north": {"uv": [5, 5, 6, 6], "texture": "#0", "cullface": "down"},
                "east": {"uv": [5, 5, 6, 6], "texture": "#0", "rotation": 270, "cullface": "down"},
                "south": {"uv": [5, 5, 6, 6], "texture": "#0", "rotation": 180, "cullface": "down"},
                "west": {"uv": [5, 5, 6, 6], "texture": "#0", "rotation": 90, "cullface": "down"},
                "up": {"uv": [5, 5, 6, 6], "texture": "#0", "rotation": 180, "cullface": "down"},
                "down": {"uv": [5, 5, 6, 6], "texture": "#0", "cullface": "down"}
            },
            "type": "cube"
        },
        {
            "name": "down2",
            "from": [12, -0.5, 7],
            "to": [13, 0.5, 9],
            "faces": {
                "north": {"uv": [5, 5, 6, 6], "texture": "#0", "cullface": "down"},
                "east": {"uv": [5, 5, 6, 7], "texture": "#0", "rotation": 270, "cullface": "down"},
                "south": {"uv": [5, 5, 6, 6], "texture": "#0", "rotation": 180, "cullface": "down"},
                "west": {"uv": [5, 5, 6, 7], "texture": "#0", "rotation": 90, "cullface": "down"},
                "up": {"uv": [5, 5, 6, 7], "texture": "#0", "rotation": 180, "cullface": "down"},
                "down": {"uv": [5, 5, 6, 7], "texture": "#0", "cullface": "down"}
            },
            "type": "cube"
        },
        {
            "name": "down3",
            "from": [3, -0.5, 7],
            "to": [9, 0.5, 9],
            "faces": {
                "north": {"uv": [5, 5, 6, 6], "texture": "#0", "cullface": "down"},
                "east": {"uv": [5, 5, 6, 7], "texture": "#0", "rotation": 270, "cullface": "down"},
                "south": {"uv": [5, 5, 6, 6], "texture": "#0", "rotation": 180, "cullface": "down"},
                "west": {"uv": [5, 5, 6, 7], "texture": "#0", "rotation": 90, "cullface": "down"},
                "up": {"uv": [5, 5, 6, 6], "texture": "#0", "rotation": 180, "cullface": "down"},
                "down": {"uv": [5, 5, 6, 6], "texture": "#0", "cullface": "down"}
            },
            "type": "cube"
        },
        {
            "name": "down4",
            "from": [4, -0.5, 9],
            "to": [7, 0.5, 11],
            "faces": {
                "north": {"uv": [5, 5, 6, 6], "texture": "#0", "cullface": "down"},
                "east": {"uv": [5, 5, 6, 7], "texture": "#0", "rotation": 270, "cullface": "down"},
                "south": {"uv": [5, 5, 6, 6], "texture": "#0", "rotation": 180, "cullface": "down"},
                "west": {"uv": [5, 5, 6, 7], "texture": "#0", "rotation": 90, "cullface": "down"},
                "up": {"uv": [5, 5, 6, 6], "texture": "#0", "rotation": 180, "cullface": "down"},
                "down": {"uv": [5, 5, 6, 6], "texture": "#0", "cullface": "down"}
            },
            "type": "cube"
        },
        {
            "name": "down5",
            "from": [5, -0.5, 11],
            "to": [8, 0.5, 13],
            "faces": {
                "north": {"uv": [5, 5, 6, 6], "texture": "#0", "cullface": "down"},
                "east": {"uv": [5, 5, 6, 7], "texture": "#0", "rotation": 270, "cullface": "down"},
                "south": {"uv": [5, 5, 6, 6], "texture": "#0", "rotation": 180, "cullface": "down"},
                "west": {"uv": [5, 5, 6, 7], "texture": "#0", "rotation": 90, "cullface": "down"},
                "up": {"uv": [5, 5, 6, 6], "texture": "#0", "rotation": 180, "cullface": "down"},
                "down": {"uv": [5, 5, 6, 6], "texture": "#0", "cullface": "down"}
            },
            "type": "cube"
        }
    ],
    "groups": [
        0,
        {
            "name": "north",
            "isOpen": false,
            "display": {"visibility": true, "autouv": true},
            "children": [1, 2, 3, 4, 5]
        },
        {
            "name": "east",
            "isOpen": false,
            "display": {"visibility": true, "autouv": true},
            "children": [6, 7, 8, 9, 10]
        },
        {
            "name": "south",
            "isOpen": false,
            "display": {"visibility": true, "autouv": true},
            "children": [11, 12, 13, 14, 15]
        },
        {
            "name": "west",
            "isOpen": false,
            "display": {"visibility": true, "autouv": true},
            "children": [16, 17, 18, 19, 20]
        },
        {
            "name": "up",
            "isOpen": false,
            "display": {"visibility": true, "autouv": true},
            "children": [21, 22, 23, 24, 25]
        },
        {
            "name": "down",
            "isOpen": false,
            "display": {"visibility": true, "autouv": true},
            "children": [26, 27, 28, 29, 30]
        }
    ]
}
